window,denominator_group,country_code,count,denominator,share
2001-2005,world_resolved,AE,12,44770,0.0002680366316729953
2001-2005,world_resolved,AF,0,44770,0.0
2001-2005,world_resolved,AL,0,44770,0.0
2001-2005,world_resolved,AM,0,44770,0.0
2001-2005,world_resolved,AO,0,44770,0.0
2001-2005,world_resolved,AR,38,44770,0.0008487826669644851
2001-2005,world_resolved,AS,0,44770,0.0
2001-2005,world_resolved,AT,332,44770,0.00741568014295287
2001-2005,world_resolved,AU,946,44770,0.02113022113022113
2001-2005,world_resolved,AZ,0,44770,0.0
2001-2005,world_resolved,BA,0,44770,0.0
2001-2005,world_resolved,BB,0,44770,0.0
2001-2005,world_resolved,BD,3,44770,6.700915791824883e-05
2001-2005,world_resolved,BE,454,44770,0.010140719231628322
2001-2005,world_resolved,BF,0,44770,0.0
2001-2005,world_resolved,BG,22,44770,0.0004914004914004914
2001-2005,world_resolved,BH,0,44770,0.0
2001-2005,world_resolved,BI,32,44770,0.0007147643511279875
2001-2005,world_resolved,BJ,0,44770,0.0
2001-2005,world_resolved,BM,15,44770,0.00033504578959124413
2001-2005,world_resolved,BN,9,44770,0.00020102747375474648
2001-2005,world_resolved,BO,2,44770,4.467277194549922e-05
2001-2005,world_resolved,BR,349,44770,0.007795398704489614
2001-2005,world_resolved,BS,0,44770,0.0
2001-2005,world_resolved,BW,1,44770,2.233638597274961e-05
2001-2005,world_resolved,BY,10,44770,0.00022336385972749609
2001-2005,world_resolved,CA,2475,44770,0.05528255528255528
2001-2005,world_resolved,CD,0,44770,0.0
2001-2005,world_resolved,CH,936,44770,0.020906857270493635
2001-2005,world_resolved,CI,1,44770,2.233638597274961e-05
2001-2005,world_resolved,CL,29,44770,0.0006477551932097386
2001-2005,world_resolved,CM,1,44770,2.233638597274961e-05
2001-2005,world_resolved,CN,1249,44770,0.027898146079964263
2001-2005,world_resolved,CO,18,44770,0.00040205494750949295
2001-2005,world_resolved,CR,2,44770,4.467277194549922e-05
2001-2005,world_resolved,CU,3,44770,6.700915791824883e-05
2001-2005,world_resolved,CX,0,44770,0.0
2001-2005,world_resolved,CY,25,44770,0.0005584096493187402
2001-2005,world_resolved,CZ,190,44770,0.004243913334822426
2001-2005,world_resolved,DE,3145,44770,0.07024793388429752
2001-2005,world_resolved,DJ,0,44770,0.0
2001-2005,world_resolved,DK,264,44770,0.005896805896805897
2001-2005,world_resolved,DO,5,44770,0.00011168192986374804
2001-2005,world_resolved,DZ,9,44770,0.00020102747375474648
2001-2005,world_resolved,EC,1,44770,2.233638597274961e-05
2001-2005,world_resolved,EE,14,44770,0.0003127094036184945
2001-2005,world_resolved,EG,27,44770,0.0006030824212642394
2001-2005,world_resolved,ES,967,44770,0.02159928523564887
2001-2005,world_resolved,ET,0,44770,0.0
2001-2005,world_resolved,FI,333,44770,0.00743801652892562
2001-2005,world_resolved,FJ,0,44770,0.0
2001-2005,world_resolved,FM,0,44770,0.0
2001-2005,world_resolved,FO,0,44770,0.0
2001-2005,world_resolved,FR,2545,44770,0.05684610230064775
2001-2005,world_resolved,GB,2998,44770,0.06696448514630333
2001-2005,world_resolved,GE,0,44770,0.0
2001-2005,world_resolved,GF,0,44770,0.0
2001-2005,world_resolved,GH,3,44770,6.700915791824883e-05
2001-2005,world_resolved,GI,0,44770,0.0
2001-2005,world_resolved,GL,0,44770,0.0
2001-2005,world_resolved,GM,0,44770,0.0
2001-2005,world_resolved,GN,0,44770,0.0
2001-2005,world_resolved,GP,4,44770,8.934554389099843e-05
2001-2005,world_resolved,GR,345,44770,0.007706053160598615
2001-2005,world_resolved,GT,0,44770,0.0
2001-2005,world_resolved,GY,0,44770,0.0
2001-2005,world_resolved,HK,546,44770,0.012195666741121287
2001-2005,world_resolved,HN,0,44770,0.0
2001-2005,world_resolved,HR,12,44770,0.0002680366316729953
2001-2005,world_resolved,HU,130,44770,0.002903730176457449
2001-2005,world_resolved,ID,1,44770,2.233638597274961e-05
2001-2005,world_resolved,IE,226,44770,0.005048023229841412
2001-2005,world_resolved,IL,1098,44770,0.024525351798079072
2001-2005,world_resolved,IN,472,44770,0.010542774179137815
2001-2005,world_resolved,IO,0,44770,0.0
2001-2005,world_resolved,IQ,0,44770,0.0
2001-2005,world_resolved,IR,60,44770,0.0013401831583649765
2001-2005,world_resolved,IS,10,44770,0.00022336385972749609
2001-2005,world_resolved,IT,1507,44770,0.03366093366093366
2001-2005,world_resolved,JM,8,44770,0.00017869108778199687
2001-2005,world_resolved,JO,1,44770,2.233638597274961e-05
2001-2005,world_resolved,JP,3596,44770,0.08032164395800759
2001-2005,world_resolved,KE,3,44770,6.700915791824883e-05
2001-2005,world_resolved,KG,0,44770,0.0
2001-2005,world_resolved,KH,1,44770,2.233638597274961e-05
2001-2005,world_resolved,KN,0,44770,0.0
2001-2005,world_resolved,KP,0,44770,0.0
2001-2005,world_resolved,KR,920,44770,0.02054947509492964
2001-2005,world_resolved,KW,2,44770,4.467277194549922e-05
2001-2005,world_resolved,KY,0,44770,0.0
2001-2005,world_resolved,KZ,0,44770,0.0
2001-2005,world_resolved,LB,7,44770,0.00015635470180924726
2001-2005,world_resolved,LI,0,44770,0.0
2001-2005,world_resolved,LK,2,44770,4.467277194549922e-05
2001-2005,world_resolved,LS,0,44770,0.0
2001-2005,world_resolved,LT,5,44770,0.00011168192986374804
2001-2005,world_resolved,LU,12,44770,0.0002680366316729953
2001-2005,world_resolved,LV,11,44770,0.0002457002457002457
2001-2005,world_resolved,LY,0,44770,0.0
2001-2005,world_resolved,MA,6,44770,0.00013401831583649765
2001-2005,world_resolved,MD,2,44770,4.467277194549922e-05
2001-2005,world_resolved,ME,0,44770,0.0
2001-2005,world_resolved,MG,0,44770,0.0
2001-2005,world_resolved,MK,3,44770,6.700915791824883e-05
2001-2005,world_resolved,ML,0,44770,0.0
2001-2005,world_resolved,MM,0,44770,0.0
2001-2005,world_resolved,MN,0,44770,0.0
2001-2005,world_resolved,MO,8,44770,0.00017869108778199687
2001-2005,world_resolved,MQ,3,44770,6.700915791824883e-05
2001-2005,world_resolved,MT,1,44770,2.233638597274961e-05
2001-2005,world_resolved,MU,1,44770,2.233638597274961e-05
2001-2005,world_resolved,MW,0,44770,0.0
2001-2005,world_resolved,MX,125,44770,0.0027920482465937013
2001-2005,world_resolved,MY,20,44770,0.00044672771945499217
2001-2005,world_resolved,MZ,1,44770,2.233638597274961e-05
2001-2005,world_resolved,NC,1,44770,2.233638597274961e-05
2001-2005,world_resolved,NE,0,44770,0.0
2001-2005,world_resolved,NG,5,44770,0.00011168192986374804
2001-2005,world_resolved,NI,0,44770,0.0
2001-2005,world_resolved,NL,1091,44770,0.024368997096269822
2001-2005,world_resolved,NO,110,44770,0.002457002457002457
2001-2005,world_resolved,NP,0,44770,0.0
2001-2005,world_resolved,NZ,104,44770,0.0023229841411659593
2001-2005,world_resolved,OM,3,44770,6.700915791824883e-05
2001-2005,world_resolved,PA,1,44770,2.233638597274961e-05
2001-2005,world_resolved,PE,0,44770,0.0
2001-2005,world_resolved,PF,0,44770,0.0
2001-2005,world_resolved,PH,13,44770,0.0002903730176457449
2001-2005,world_resolved,PK,10,44770,0.00022336385972749609
2001-2005,world_resolved,PL,151,44770,0.003372794281885191
2001-2005,world_resolved,PR,5,44770,0.00011168192986374804
2001-2005,world_resolved,PS,0,44770,0.0
2001-2005,world_resolved,PT,230,44770,0.00513736877373241
2001-2005,world_resolved,PW,0,44770,0.0
2001-2005,world_resolved,PY,0,44770,0.0
2001-2005,world_resolved,QA,2,44770,4.467277194549922e-05
2001-2005,world_resolved,RE,0,44770,0.0
2001-2005,world_resolved,RO,31,44770,0.0006924279651552379
2001-2005,world_resolved,RS,7,44770,0.00015635470180924726
2001-2005,world_resolved,RU,116,44770,0.0025910207728389546
2001-2005,world_resolved,RW,0,44770,0.0
2001-2005,world_resolved,SA,9,44770,0.00020102747375474648
2001-2005,world_resolved,SD,0,44770,0.0
2001-2005,world_resolved,SE,612,44770,0.013669868215322761
2001-2005,world_resolved,SG,726,44770,0.016216216216216217
2001-2005,world_resolved,SI,74,44770,0.001652892561983471
2001-2005,world_resolved,SK,29,44770,0.0006477551932097386
2001-2005,world_resolved,SL,0,44770,0.0
2001-2005,world_resolved,SM,0,44770,0.0
2001-2005,world_resolved,SN,0,44770,0.0
2001-2005,world_resolved,SO,2,44770,4.467277194549922e-05
2001-2005,world_resolved,SS,11,44770,0.0002457002457002457
2001-2005,world_resolved,SY,0,44770,0.0
2001-2005,world_resolved,SZ,1,44770,2.233638597274961e-05
2001-2005,world_resolved,TD,0,44770,0.0
2001-2005,world_resolved,TG,0,44770,0.0
2001-2005,world_resolved,TH,56,44770,0.001250837614473978
2001-2005,world_resolved,TJ,3,44770,6.700915791824883e-05
2001-2005,world_resolved,TM,0,44770,0.0
2001-2005,world_resolved,TN,17,44770,0.00037971856153674335
2001-2005,world_resolved,TR,86,44770,0.0019209291936564663
2001-2005,world_resolved,TT,0,44770,0.0
2001-2005,world_resolved,TV,0,44770,0.0
2001-2005,world_resolved,TW,739,44770,0.01650658923386196
2001-2005,world_resolved,TZ,1,44770,2.233638597274961e-05
2001-2005,world_resolved,UA,6,44770,0.00013401831583649765
2001-2005,world_resolved,UG,0,44770,0.0
2001-2005,world_resolved,UM,0,44770,0.0
2001-2005,world_resolved,US,22367,44770,0.4995979450524905
2001-2005,world_resolved,UY,0,44770,0.0
2001-2005,world_resolved,UZ,0,44770,0.0
2001-2005,world_resolved,VA,0,44770,0.0
2001-2005,world_resolved,VE,12,44770,0.0002680366316729953
2001-2005,world_resolved,VG,3,44770,6.700915791824883e-05
2001-2005,world_resolved,VI,0,44770,0.0
2001-2005,world_resolved,VN,5,44770,0.00011168192986374804
2001-2005,world_resolved,WS,0,44770,0.0
2001-2005,world_resolved,XK,0,44770,0.0
2001-2005,world_resolved,YE,1,44770,2.233638597274961e-05
2001-2005,world_resolved,ZA,18,44770,0.00040205494750949295
2001-2005,world_resolved,ZM,0,44770,0.0
2001-2005,world_resolved,ZW,0,44770,0.0
2001-2005,eu27_uk,AT,332,14240,0.023314606741573034
2001-2005,eu27_uk,BE,454,14240,0.03188202247191011
2001-2005,eu27_uk,BG,22,14240,0.001544943820224719
2001-2005,eu27_uk,CY,25,14240,0.0017556179775280898
2001-2005,eu27_uk,CZ,190,14240,0.013342696629213483
2001-2005,eu27_uk,DE,3145,14240,0.2208567415730337
2001-2005,eu27_uk,DK,264,14240,0.01853932584269663
2001-2005,eu27_uk,EE,14,14240,0.0009831460674157304
2001-2005,eu27_uk,ES,967,14240,0.06790730337078651
2001-2005,eu27_uk,FI,333,14240,0.023384831460674157
2001-2005,eu27_uk,FR,2545,14240,0.17872191011235955
2001-2005,eu27_uk,GB,2998,14240,0.21053370786516853
2001-2005,eu27_uk,GR,345,14240,0.02422752808988764
2001-2005,eu27_uk,HR,12,14240,0.0008426966292134832
2001-2005,eu27_uk,HU,130,14240,0.009129213483146067
2001-2005,eu27_uk,IE,226,14240,0.015870786516853932
2001-2005,eu27_uk,IT,1507,14240,0.10582865168539325
2001-2005,eu27_uk,LT,5,14240,0.00035112359550561797
2001-2005,eu27_uk,LU,12,14240,0.0008426966292134832
2001-2005,eu27_uk,LV,11,14240,0.0007724719101123596
2001-2005,eu27_uk,MT,1,14240,7.02247191011236e-05
2001-2005,eu27_uk,NL,1091,14240,0.07661516853932585
2001-2005,eu27_uk,PL,151,14240,0.010603932584269662
2001-2005,eu27_uk,PT,230,14240,0.016151685393258428
2001-2005,eu27_uk,RO,31,14240,0.0021769662921348313
2001-2005,eu27_uk,SE,612,14240,0.04297752808988764
2001-2005,eu27_uk,SI,74,14240,0.0051966292134831464
2001-2005,eu27_uk,SK,29,14240,0.0020365168539325843
2001-2005,europe_extended,AL,0,16075,0.0
2001-2005,europe_extended,AM,0,16075,0.0
2001-2005,europe_extended,AT,332,16075,0.020653188180404354
2001-2005,europe_extended,BA,0,16075,0.0
2001-2005,europe_extended,BE,454,16075,0.028242612752721618
2001-2005,europe_extended,BG,22,16075,0.0013685847589424572
2001-2005,europe_extended,CH,936,16075,0.05822706065318818
2001-2005,europe_extended,CY,25,16075,0.0015552099533437014
2001-2005,europe_extended,CZ,190,16075,0.01181959564541213
2001-2005,europe_extended,DE,3145,16075,0.19564541213063763
2001-2005,europe_extended,DK,264,16075,0.016423017107309486
2001-2005,europe_extended,EE,14,16075,0.0008709175738724728
2001-2005,europe_extended,ES,967,16075,0.06015552099533437
2001-2005,europe_extended,FI,333,16075,0.020715396578538103
2001-2005,europe_extended,FR,2545,16075,0.1583203732503888
2001-2005,europe_extended,GB,2998,16075,0.18650077760497666
2001-2005,europe_extended,GE,0,16075,0.0
2001-2005,europe_extended,GR,345,16075,0.02146189735614308
2001-2005,europe_extended,HR,12,16075,0.0007465007776049767
2001-2005,europe_extended,HU,130,16075,0.008087091757387248
2001-2005,europe_extended,IE,226,16075,0.014059097978227061
2001-2005,europe_extended,IL,1098,16075,0.06830482115085537
2001-2005,europe_extended,IS,10,16075,0.0006220839813374805
2001-2005,europe_extended,IT,1507,16075,0.09374805598755832
2001-2005,europe_extended,LI,0,16075,0.0
2001-2005,europe_extended,LT,5,16075,0.00031104199066874026
2001-2005,europe_extended,LU,12,16075,0.0007465007776049767
2001-2005,europe_extended,LV,11,16075,0.0006842923794712286
2001-2005,europe_extended,MD,2,16075,0.0001244167962674961
2001-2005,europe_extended,ME,0,16075,0.0
2001-2005,europe_extended,MK,3,16075,0.00018662519440124418
2001-2005,europe_extended,MT,1,16075,6.220839813374805e-05
2001-2005,europe_extended,NL,1091,16075,0.06786936236391913
2001-2005,europe_extended,NO,110,16075,0.006842923794712286
2001-2005,europe_extended,PL,151,16075,0.009393468118195957
2001-2005,europe_extended,PT,230,16075,0.014307931570762053
2001-2005,europe_extended,RO,31,16075,0.0019284603421461897
2001-2005,europe_extended,RS,7,16075,0.0004354587869362364
2001-2005,europe_extended,SE,612,16075,0.03807153965785381
2001-2005,europe_extended,SI,74,16075,0.004603421461897356
2001-2005,europe_extended,SK,29,16075,0.0018040435458786936
2001-2005,europe_extended,TR,86,16075,0.005349922239502333
2001-2005,europe_extended,UA,6,16075,0.00037325038880248835
2001-2005,comparable,AT,332,7376,0.045010845986984814
2001-2005,comparable,BE,454,7376,0.061550976138828636
2001-2005,comparable,CH,936,7376,0.12689804772234273
2001-2005,comparable,CZ,190,7376,0.025759219088937094
2001-2005,comparable,DK,264,7376,0.03579175704989154
2001-2005,comparable,ES,967,7376,0.1311008676789588
2001-2005,comparable,FI,333,7376,0.045146420824295014
2001-2005,comparable,GR,345,7376,0.046773318872017355
2001-2005,comparable,HU,130,7376,0.01762472885032538
2001-2005,comparable,IE,226,7376,0.030639913232104122
2001-2005,comparable,IT,1507,7376,0.20431127982646421
2001-2005,comparable,NL,1091,7376,0.147912147505423
2001-2005,comparable,NO,110,7376,0.014913232104121476
2001-2005,comparable,PL,151,7376,0.02047180043383948
2001-2005,comparable,PT,230,7376,0.031182212581344904
2001-2005,comparable,SE,612,7376,0.08297180043383948
2006-2010,world_resolved,AE,26,63820,0.000407395800689439
2006-2010,world_resolved,AF,1,63820,1.5669069257286116e-05
2006-2010,world_resolved,AL,1,63820,1.5669069257286116e-05
2006-2010,world_resolved,AM,0,63820,0.0
2006-2010,world_resolved,AO,0,63820,0.0
2006-2010,world_resolved,AR,59,63820,0.000924475086179881
2006-2010,world_resolved,AS,0,63820,0.0
2006-2010,world_resolved,AT,648,63820,0.010153556878721404
2006-2010,world_resolved,AU,1637,63820,0.025650266374177375
2006-2010,world_resolved,AZ,0,63820,0.0
2006-2010,world_resolved,BA,0,63820,0.0
2006-2010,world_resolved,BB,1,63820,1.5669069257286116e-05
2006-2010,world_resolved,BD,14,63820,0.00021936696960200565
2006-2010,world_resolved,BE,743,63820,0.011642118458163585
2006-2010,world_resolved,BF,0,63820,0.0
2006-2010,world_resolved,BG,13,63820,0.0002036979003447195
2006-2010,world_resolved,BH,1,63820,1.5669069257286116e-05
2006-2010,world_resolved,BI,32,63820,0.0005014102162331557
2006-2010,world_resolved,BJ,0,63820,0.0
2006-2010,world_resolved,BM,18,63820,0.0002820432466311501
2006-2010,world_resolved,BN,7,63820,0.00010968348480100282
2006-2010,world_resolved,BO,0,63820,0.0
2006-2010,world_resolved,BR,486,63820,0.007615167659041053
2006-2010,world_resolved,BS,1,63820,1.5669069257286116e-05
2006-2010,world_resolved,BW,1,63820,1.5669069257286116e-05
2006-2010,world_resolved,BY,8,63820,0.00012535255405828893
2006-2010,world_resolved,CA,3898,63820,0.06107803196490128
2006-2010,world_resolved,CD,0,63820,0.0
2006-2010,world_resolved,CH,1903,63820,0.029818238796615482
2006-2010,world_resolved,CI,0,63820,0.0
2006-2010,world_resolved,CL,67,63820,0.00104982764023817
2006-2010,world_resolved,CM,1,63820,1.5669069257286116e-05
2006-2010,world_resolved,CN,4189,63820,0.06563773111877154
2006-2010,world_resolved,CO,38,63820,0.0005954246317768725
2006-2010,world_resolved,CR,2,63820,3.133813851457223e-05
2006-2010,world_resolved,CU,6,63820,9.40144155437167e-05
2006-2010,world_resolved,CX,0,63820,0.0
2006-2010,world_resolved,CY,38,63820,0.0005954246317768725
2006-2010,world_resolved,CZ,271,63820,0.0042463177687245375
2006-2010,world_resolved,DE,5350,63820,0.08382952052648072
2006-2010,world_resolved,DJ,1,63820,1.5669069257286116e-05
2006-2010,world_resolved,DK,423,63820,0.006628016295832028
2006-2010,world_resolved,DO,7,63820,0.00010968348480100282
2006-2010,world_resolved,DZ,19,63820,0.00029771231588843623
2006-2010,world_resolved,EC,3,63820,4.700720777185835e-05
2006-2010,world_resolved,EE,32,63820,0.0005014102162331557
2006-2010,world_resolved,EG,47,63820,0.0007364462550924475
2006-2010,world_resolved,ES,1680,63820,0.026324036352240676
2006-2010,world_resolved,ET,1,63820,1.5669069257286116e-05
2006-2010,world_resolved,FI,525,63820,0.008226261360075211
2006-2010,world_resolved,FJ,2,63820,3.133813851457223e-05
2006-2010,world_resolved,FM,0,63820,0.0
2006-2010,world_resolved,FO,0,63820,0.0
2006-2010,world_resolved,FR,4093,63820,0.06413350047007207
2006-2010,world_resolved,GB,4855,63820,0.0760733312441241
2006-2010,world_resolved,GE,0,63820,0.0
2006-2010,world_resolved,GF,1,63820,1.5669069257286116e-05
2006-2010,world_resolved,GH,1,63820,1.5669069257286116e-05
2006-2010,world_resolved,GI,0,63820,0.0
2006-2010,world_resolved,GL,0,63820,0.0
2006-2010,world_resolved,GM,0,63820,0.0
2006-2010,world_resolved,GN,0,63820,0.0
2006-2010,world_resolved,GP,0,63820,0.0
2006-2010,world_resolved,GR,563,63820,0.008821685991852084
2006-2010,world_resolved,GT,0,63820,0.0
2006-2010,world_resolved,GY,0,63820,0.0
2006-2010,world_resolved,HK,965,63820,0.015120651833281103
2006-2010,world_resolved,HN,0,63820,0.0
2006-2010,world_resolved,HR,19,63820,0.00029771231588843623
2006-2010,world_resolved,HU,166,63820,0.0026010654967094956
2006-2010,world_resolved,ID,2,63820,3.133813851457223e-05
2006-2010,world_resolved,IE,402,63820,0.0062989658414290195
2006-2010,world_resolved,IL,1431,63820,0.022422438107176434
2006-2010,world_resolved,IN,996,63820,0.015606392980256973
2006-2010,world_resolved,IO,0,63820,0.0
2006-2010,world_resolved,IQ,0,63820,0.0
2006-2010,world_resolved,IR,169,63820,0.002648072704481354
2006-2010,world_resolved,IS,18,63820,0.0002820432466311501
2006-2010,world_resolved,IT,2132,63820,0.033406455656534
2006-2010,world_resolved,JM,7,63820,0.00010968348480100282
2006-2010,world_resolved,JO,11,63820,0.0001723597618301473
2006-2010,world_resolved,JP,4249,63820,0.0665778752742087
2006-2010,world_resolved,KE,3,63820,4.700720777185835e-05
2006-2010,world_resolved,KG,0,63820,0.0
2006-2010,world_resolved,KH,4,63820,6.267627702914446e-05
2006-2010,world_resolved,KN,0,63820,0.0
2006-2010,world_resolved,KP,1,63820,1.5669069257286116e-05
2006-2010,world_resolved,KR,1193,63820,0.01869319962394234
2006-2010,world_resolved,KW,11,63820,0.0001723597618301473
2006-2010,world_resolved,KY,0,63820,0.0
2006-2010,world_resolved,KZ,0,63820,0.0
2006-2010,world_resolved,LB,14,63820,0.00021936696960200565
2006-2010,world_resolved,LI,0,63820,0.0
2006-2010,world_resolved,LK,4,63820,6.267627702914446e-05
2006-2010,world_resolved,LS,0,63820,0.0
2006-2010,world_resolved,LT,3,63820,4.700720777185835e-05
2006-2010,world_resolved,LU,69,63820,0.001081165778752742
2006-2010,world_resolved,LV,6,63820,9.40144155437167e-05
2006-2010,world_resolved,LY,0,63820,0.0
2006-2010,world_resolved,MA,10,63820,0.00015669069257286117
2006-2010,world_resolved,MD,1,63820,1.5669069257286116e-05
2006-2010,world_resolved,ME,1,63820,1.5669069257286116e-05
2006-2010,world_resolved,MG,0,63820,0.0
2006-2010,world_resolved,MK,6,63820,9.40144155437167e-05
2006-2010,world_resolved,ML,0,63820,0.0
2006-2010,world_resolved,MM,1,63820,1.5669069257286116e-05
2006-2010,world_resolved,MN,0,63820,0.0
2006-2010,world_resolved,MO,17,63820,0.000266374177373864
2006-2010,world_resolved,MQ,0,63820,0.0
2006-2010,world_resolved,MT,8,63820,0.00012535255405828893
2006-2010,world_resolved,MU,0,63820,0.0
2006-2010,world_resolved,MW,0,63820,0.0
2006-2010,world_resolved,MX,205,63820,0.003212159197743654
2006-2010,world_resolved,MY,31,63820,0.0004857411469758696
2006-2010,world_resolved,MZ,0,63820,0.0
2006-2010,world_resolved,NC,1,63820,1.5669069257286116e-05
2006-2010,world_resolved,NE,0,63820,0.0
2006-2010,world_resolved,NG,12,63820,0.0001880288310874334
2006-2010,world_resolved,NI,0,63820,0.0
2006-2010,world_resolved,NL,1614,63820,0.025289877781259792
2006-2010,world_resolved,NO,293,63820,0.0045910372923848326
2006-2010,world_resolved,NP,1,63820,1.5669069257286116e-05
2006-2010,world_resolved,NZ,241,63820,0.0037762456910059544
2006-2010,world_resolved,OM,5,63820,7.834534628643058e-05
2006-2010,world_resolved,PA,3,63820,4.700720777185835e-05
2006-2010,world_resolved,PE,0,63820,0.0
2006-2010,world_resolved,PF,1,63820,1.5669069257286116e-05
2006-2010,world_resolved,PH,9,63820,0.00014102162331557506
2006-2010,world_resolved,PK,71,63820,0.0011125039172673143
2006-2010,world_resolved,PL,210,63820,0.0032905045440300845
2006-2010,world_resolved,PR,8,63820,0.00012535255405828893
2006-2010,world_resolved,PS,5,63820,7.834534628643058e-05
2006-2010,world_resolved,PT,411,63820,0.006439987464744594
2006-2010,world_resolved,PW,0,63820,0.0
2006-2010,world_resolved,PY,1,63820,1.5669069257286116e-05
2006-2010,world_resolved,QA,10,63820,0.00015669069257286117
2006-2010,world_resolved,RE,0,63820,0.0
2006-2010,world_resolved,RO,61,63820,0.0009558132246944532
2006-2010,world_resolved,RS,19,63820,0.00029771231588843623
2006-2010,world_resolved,RU,129,63820,0.0020213099341899092
2006-2010,world_resolved,RW,0,63820,0.0
2006-2010,world_resolved,SA,33,63820,0.0005170792854904419
2006-2010,world_resolved,SD,0,63820,0.0
2006-2010,world_resolved,SE,735,63820,0.011516765904105296
2006-2010,world_resolved,SG,1219,63820,0.019100595424631776
2006-2010,world_resolved,SI,71,63820,0.0011125039172673143
2006-2010,world_resolved,SK,29,63820,0.0004544030084612974
2006-2010,world_resolved,SL,0,63820,0.0
2006-2010,world_resolved,SM,0,63820,0.0
2006-2010,world_resolved,SN,0,63820,0.0
2006-2010,world_resolved,SO,0,63820,0.0
2006-2010,world_resolved,SS,25,63820,0.0003917267314321529
2006-2010,world_resolved,SY,1,63820,1.5669069257286116e-05
2006-2010,world_resolved,SZ,0,63820,0.0
2006-2010,world_resolved,TD,0,63820,0.0
2006-2010,world_resolved,TG,0,63820,0.0
2006-2010,world_resolved,TH,63,63820,0.0009871513632090255
2006-2010,world_resolved,TJ,4,63820,6.267627702914446e-05
2006-2010,world_resolved,TM,0,63820,0.0
2006-2010,world_resolved,TN,47,63820,0.0007364462550924475
2006-2010,world_resolved,TR,215,63820,0.003368849890316515
2006-2010,world_resolved,TT,2,63820,3.133813851457223e-05
2006-2010,world_resolved,TV,1,63820,1.5669069257286116e-05
2006-2010,world_resolved,TW,1012,63820,0.01585709808837355
2006-2010,world_resolved,TZ,2,63820,3.133813851457223e-05
2006-2010,world_resolved,UA,6,63820,9.40144155437167e-05
2006-2010,world_resolved,UG,2,63820,3.133813851457223e-05
2006-2010,world_resolved,UM,0,63820,0.0
2006-2010,world_resolved,US,29474,63820,0.46183014728925104
2006-2010,world_resolved,UY,7,63820,0.00010968348480100282
2006-2010,world_resolved,UZ,0,63820,0.0
2006-2010,world_resolved,VA,0,63820,0.0
2006-2010,world_resolved,VE,14,63820,0.00021936696960200565
2006-2010,world_resolved,VG,2,63820,3.133813851457223e-05
2006-2010,world_resolved,VI,0,63820,0.0
2006-2010,world_resolved,VN,14,63820,0.00021936696960200565
2006-2010,world_resolved,WS,0,63820,0.0
2006-2010,world_resolved,XK,0,63820,0.0
2006-2010,world_resolved,YE,0,63820,0.0
2006-2010,world_resolved,ZA,52,63820,0.000814791601378878
2006-2010,world_resolved,ZM,0,63820,0.0
2006-2010,world_resolved,ZW,4,63820,6.267627702914446e-05
2006-2010,eu27_uk,AT,648,22048,0.02939042089985486
2006-2010,eu27_uk,BE,743,22048,0.03369920174165457
2006-2010,eu27_uk,BG,13,22048,0.0005896226415094339
2006-2010,eu27_uk,CY,38,22048,0.001723512336719884
2006-2010,eu27_uk,CZ,271,22048,0.012291364296081277
2006-2010,eu27_uk,DE,5350,22048,0.24265239477503628
2006-2010,eu27_uk,DK,423,22048,0.01918541364296081
2006-2010,eu27_uk,EE,32,22048,0.001451378809869376
2006-2010,eu27_uk,ES,1680,22048,0.07619738751814223
2006-2010,eu27_uk,FI,525,22048,0.023811683599419448
2006-2010,eu27_uk,FR,4093,22048,0.18564042089985486
2006-2010,eu27_uk,GB,4855,22048,0.22020137880986937
2006-2010,eu27_uk,GR,563,22048,0.025535195936139333
2006-2010,eu27_uk,HR,19,22048,0.000861756168359942
2006-2010,eu27_uk,HU,166,22048,0.007529027576197387
2006-2010,eu27_uk,IE,402,22048,0.018232946298984035
2006-2010,eu27_uk,IT,2132,22048,0.09669811320754718
2006-2010,eu27_uk,LT,3,22048,0.00013606676342525398
2006-2010,eu27_uk,LU,69,22048,0.0031295355587808416
2006-2010,eu27_uk,LV,6,22048,0.00027213352685050797
2006-2010,eu27_uk,MT,8,22048,0.000362844702467344
2006-2010,eu27_uk,NL,1614,22048,0.07320391872278664
2006-2010,eu27_uk,PL,210,22048,0.009524673439767779
2006-2010,eu27_uk,PT,411,22048,0.018641146589259798
2006-2010,eu27_uk,RO,61,22048,0.002766690856313498
2006-2010,eu27_uk,SE,735,22048,0.03333635703918723
2006-2010,eu27_uk,SI,71,22048,0.0032202467343976776
2006-2010,eu27_uk,SK,29,22048,0.0013153120464441219
2006-2010,europe_extended,AL,1,24863,4.0220407834935444e-05
2006-2010,europe_extended,AM,0,24863,0.0
2006-2010,europe_extended,AT,648,24863,0.02606282427703817
2006-2010,europe_extended,BA,0,24863,0.0
2006-2010,europe_extended,BE,743,24863,0.029883763021357035
2006-2010,europe_extended,BG,13,24863,0.0005228653018541608
2006-2010,europe_extended,CH,1903,24863,0.07653943610988215
2006-2010,europe_extended,CY,38,24863,0.001528375497727547
2006-2010,europe_extended,CZ,271,24863,0.010899730523267506
2006-2010,europe_extended,DE,5350,24863,0.21517918191690463
2006-2010,europe_extended,DK,423,24863,0.017013232514177693
2006-2010,europe_extended,EE,32,24863,0.0012870530507179342
2006-2010,europe_extended,ES,1680,24863,0.06757028516269155
2006-2010,europe_extended,FI,525,24863,0.021115714113341108
2006-2010,europe_extended,FR,4093,24863,0.1646221292683908
2006-2010,europe_extended,GB,4855,24863,0.1952700800386116
2006-2010,europe_extended,GE,0,24863,0.0
2006-2010,europe_extended,GR,563,24863,0.022644089611068657
2006-2010,europe_extended,HR,19,24863,0.0007641877488637734
2006-2010,europe_extended,HU,166,24863,0.006676587700599284
2006-2010,europe_extended,IE,402,24863,0.01616860394964405
2006-2010,europe_extended,IL,1431,24863,0.05755540361179262
2006-2010,europe_extended,IS,18,24863,0.000723967341028838
2006-2010,europe_extended,IT,2132,24863,0.08574990950408237
2006-2010,europe_extended,LI,0,24863,0.0
2006-2010,europe_extended,LT,3,24863,0.00012066122350480634
2006-2010,europe_extended,LU,69,24863,0.0027752081406105457
2006-2010,europe_extended,LV,6,24863,0.00024132244700961268
2006-2010,europe_extended,MD,1,24863,4.0220407834935444e-05
2006-2010,europe_extended,ME,1,24863,4.0220407834935444e-05
2006-2010,europe_extended,MK,6,24863,0.00024132244700961268
2006-2010,europe_extended,MT,8,24863,0.00032176326267948355
2006-2010,europe_extended,NL,1614,24863,0.06491573824558582
2006-2010,europe_extended,NO,293,24863,0.011784579495636086
2006-2010,europe_extended,PL,210,24863,0.008446285645336444
2006-2010,europe_extended,PT,411,24863,0.01653058762015847
2006-2010,europe_extended,RO,61,24863,0.0024534448779310624
2006-2010,europe_extended,RS,19,24863,0.0007641877488637734
2006-2010,europe_extended,SE,735,24863,0.029561999758677553
2006-2010,europe_extended,SI,71,24863,0.0028556489562804165
2006-2010,europe_extended,SK,29,24863,0.001166391827213128
2006-2010,europe_extended,TR,215,24863,0.00864738768451112
2006-2010,europe_extended,UA,6,24863,0.00024132244700961268
2006-2010,comparable,AT,648,11620,0.05576592082616179
2006-2010,comparable,BE,743,11620,0.06394148020654045
2006-2010,comparable,CH,1903,11620,0.16376936316695354
2006-2010,comparable,CZ,271,11620,0.023321858864027538
2006-2010,comparable,DK,423,11620,0.03640275387263339
2006-2010,comparable,ES,1680,11620,0.14457831325301204
2006-2010,comparable,FI,525,11620,0.045180722891566265
2006-2010,comparable,GR,563,11620,0.04845094664371773
2006-2010,comparable,HU,166,11620,0.014285714285714285
2006-2010,comparable,IE,402,11620,0.03459552495697074
2006-2010,comparable,IT,2132,11620,0.18347676419965578
2006-2010,comparable,NL,1614,11620,0.13889845094664371
2006-2010,comparable,NO,293,11620,0.02521514629948365
2006-2010,comparable,PL,210,11620,0.018072289156626505
2006-2010,comparable,PT,411,11620,0.03537005163511188
2006-2010,comparable,SE,735,11620,0.06325301204819277
2011-2015,world_resolved,AE,50,73111,0.0006838916168565606
2011-2015,world_resolved,AF,1,73111,1.3677832337131211e-05
2011-2015,world_resolved,AL,1,73111,1.3677832337131211e-05
2011-2015,world_resolved,AM,3,73111,4.1033497011393635e-05
2011-2015,world_resolved,AO,0,73111,0.0
2011-2015,world_resolved,AR,65,73111,0.0008890591019135287
2011-2015,world_resolved,AS,0,73111,0.0
2011-2015,world_resolved,AT,1106,73111,0.01512768256486712
2011-2015,world_resolved,AU,2464,73111,0.033702178878691307
2011-2015,world_resolved,AZ,1,73111,1.3677832337131211e-05
2011-2015,world_resolved,BA,6,73111,8.206699402278727e-05
2011-2015,world_resolved,BB,1,73111,1.3677832337131211e-05
2011-2015,world_resolved,BD,23,73111,0.00031459014375401787
2011-2015,world_resolved,BE,878,73111,0.012009136792001204
2011-2015,world_resolved,BF,0,73111,0.0
2011-2015,world_resolved,BG,17,73111,0.00023252314973123058
2011-2015,world_resolved,BH,1,73111,1.3677832337131211e-05
2011-2015,world_resolved,BI,38,73111,0.0005197576288109861
2011-2015,world_resolved,BJ,1,73111,1.3677832337131211e-05
2011-2015,world_resolved,BM,9,73111,0.0001231004910341809
2011-2015,world_resolved,BN,1,73111,1.3677832337131211e-05
2011-2015,world_resolved,BO,5,73111,6.838916168565606e-05
2011-2015,world_resolved,BR,705,73111,0.009642871797677505
2011-2015,world_resolved,BS,0,73111,0.0
2011-2015,world_resolved,BW,0,73111,0.0
2011-2015,world_resolved,BY,6,73111,8.206699402278727e-05
2011-2015,world_resolved,CA,4208,73111,0.057556318474648135
2011-2015,world_resolved,CD,0,73111,0.0
2011-2015,world_resolved,CH,2486,73111,0.03400309119010819
2011-2015,world_resolved,CI,0,73111,0.0
2011-2015,world_resolved,CL,159,73111,0.0021747753416038627
2011-2015,world_resolved,CM,7,73111,9.574482635991848e-05
2011-2015,world_resolved,CN,7216,73111,0.09869923814473883
2011-2015,world_resolved,CO,62,73111,0.0008480256049021351
2011-2015,world_resolved,CR,8,73111,0.00010942265869704969
2011-2015,world_resolved,CU,9,73111,0.0001231004910341809
2011-2015,world_resolved,CX,0,73111,0.0
2011-2015,world_resolved,CY,55,73111,0.0007522807785422166
2011-2015,world_resolved,CZ,373,73111,0.0051018314617499415
2011-2015,world_resolved,DE,6970,73111,0.09533449138980454
2011-2015,world_resolved,DJ,0,73111,0.0
2011-2015,world_resolved,DK,632,73111,0.008644390037066926
2011-2015,world_resolved,DO,3,73111,4.1033497011393635e-05
2011-2015,world_resolved,DZ,34,73111,0.00046504629946246117
2011-2015,world_resolved,EC,8,73111,0.00010942265869704969
2011-2015,world_resolved,EE,71,73111,0.000971126095936316
2011-2015,world_resolved,EG,83,73111,0.0011352600839818906
2011-2015,world_resolved,ES,1909,73111,0.026110981931583482
2011-2015,world_resolved,ET,2,73111,2.7355664674262422e-05
2011-2015,world_resolved,FI,562,73111,0.0076869417734677405
2011-2015,world_resolved,FJ,0,73111,0.0
2011-2015,world_resolved,FM,0,73111,0.0
2011-2015,world_resolved,FO,1,73111,1.3677832337131211e-05
2011-2015,world_resolved,FR,4508,73111,0.0616596681757875
2011-2015,world_resolved,GB,5981,73111,0.08180711520838177
2011-2015,world_resolved,GE,0,73111,0.0
2011-2015,world_resolved,GF,0,73111,0.0
2011-2015,world_resolved,GH,3,73111,4.1033497011393635e-05
2011-2015,world_resolved,GI,0,73111,0.0
2011-2015,world_resolved,GL,1,73111,1.3677832337131211e-05
2011-2015,world_resolved,GM,0,73111,0.0
2011-2015,world_resolved,GN,0,73111,0.0
2011-2015,world_resolved,GP,0,73111,0.0
2011-2015,world_resolved,GR,664,73111,0.009082080671855125
2011-2015,world_resolved,GT,0,73111,0.0
2011-2015,world_resolved,GY,0,73111,0.0
2011-2015,world_resolved,HK,1302,73111,0.017808537702944837
2011-2015,world_resolved,HN,1,73111,1.3677832337131211e-05
2011-2015,world_resolved,HR,32,73111,0.00043769063478819875
2011-2015,world_resolved,HU,180,73111,0.002462009820683618
2011-2015,world_resolved,ID,13,73111,0.00017781182038270575
2011-2015,world_resolved,IE,462,73111,0.0063191585397546195
2011-2015,world_resolved,IL,1716,73111,0.02347116029051716
2011-2015,world_resolved,IN,1306,73111,0.017863249032293364
2011-2015,world_resolved,IO,0,73111,0.0
2011-2015,world_resolved,IQ,3,73111,4.1033497011393635e-05
2011-2015,world_resolved,IR,126,73111,0.0017234068744785326
2011-2015,world_resolved,IS,32,73111,0.00043769063478819875
2011-2015,world_resolved,IT,2560,73111,0.0350152507830559
2011-2015,world_resolved,JM,5,73111,6.838916168565606e-05
2011-2015,world_resolved,JO,9,73111,0.0001231004910341809
2011-2015,world_resolved,JP,3648,73111,0.04989673236585466
2011-2015,world_resolved,KE,4,73111,5.4711329348524844e-05
2011-2015,world_resolved,KG,0,73111,0.0
2011-2015,world_resolved,KH,3,73111,4.1033497011393635e-05
2011-2015,world_resolved,KN,0,73111,0.0
2011-2015,world_resolved,KP,0,73111,0.0
2011-2015,world_resolved,KR,1522,73111,0.020817660817113705
2011-2015,world_resolved,KW,6,73111,8.206699402278727e-05
2011-2015,world_resolved,KY,0,73111,0.0
2011-2015,world_resolved,KZ,5,73111,6.838916168565606e-05
2011-2015,world_resolved,LB,23,73111,0.00031459014375401787
2011-2015,world_resolved,LI,2,73111,2.7355664674262422e-05
2011-2015,world_resolved,LK,5,73111,6.838916168565606e-05
2011-2015,world_resolved,LS,0,73111,0.0
2011-2015,world_resolved,LT,3,73111,4.1033497011393635e-05
2011-2015,world_resolved,LU,144,73111,0.0019696078565468946
2011-2015,world_resolved,LV,19,73111,0.00025987881440549303
2011-2015,world_resolved,LY,1,73111,1.3677832337131211e-05
2011-2015,world_resolved,MA,22,73111,0.00030091231141688666
2011-2015,world_resolved,MD,3,73111,4.1033497011393635e-05
2011-2015,world_resolved,ME,1,73111,1.3677832337131211e-05
2011-2015,world_resolved,MG,0,73111,0.0
2011-2015,world_resolved,MK,4,73111,5.4711329348524844e-05
2011-2015,world_resolved,ML,1,73111,1.3677832337131211e-05
2011-2015,world_resolved,MM,1,73111,1.3677832337131211e-05
2011-2015,world_resolved,MN,2,73111,2.7355664674262422e-05
2011-2015,world_resolved,MO,57,73111,0.000779636443216479
2011-2015,world_resolved,MQ,0,73111,0.0
2011-2015,world_resolved,MT,9,73111,0.0001231004910341809
2011-2015,world_resolved,MU,1,73111,1.3677832337131211e-05
2011-2015,world_resolved,MW,0,73111,0.0
2011-2015,world_resolved,MX,194,73111,0.002653499473403455
2011-2015,world_resolved,MY,59,73111,0.0008069921078907415
2011-2015,world_resolved,MZ,0,73111,0.0
2011-2015,world_resolved,NC,1,73111,1.3677832337131211e-05
2011-2015,world_resolved,NE,1,73111,1.3677832337131211e-05
2011-2015,world_resolved,NG,1,73111,1.3677832337131211e-05
2011-2015,world_resolved,NI,0,73111,0.0
2011-2015,world_resolved,NL,1742,73111,0.02382678393128257
2011-2015,world_resolved,NO,409,73111,0.005594233425886666
2011-2015,world_resolved,NP,1,73111,1.3677832337131211e-05
2011-2015,world_resolved,NZ,320,73111,0.004376906347881988
2011-2015,world_resolved,OM,2,73111,2.7355664674262422e-05
2011-2015,world_resolved,PA,1,73111,1.3677832337131211e-05
2011-2015,world_resolved,PE,8,73111,0.00010942265869704969
2011-2015,world_resolved,PF,0,73111,0.0
2011-2015,world_resolved,PH,13,73111,0.00017781182038270575
2011-2015,world_resolved,PK,115,73111,0.0015729507187700893
2011-2015,world_resolved,PL,284,73111,0.003884504383745264
2011-2015,world_resolved,PR,16,73111,0.00021884531739409938
2011-2015,world_resolved,PS,1,73111,1.3677832337131211e-05
2011-2015,world_resolved,PT,570,73111,0.00779636443216479
2011-2015,world_resolved,PW,0,73111,0.0
2011-2015,world_resolved,PY,0,73111,0.0
2011-2015,world_resolved,QA,179,73111,0.002448331988346487
2011-2015,world_resolved,RE,1,73111,1.3677832337131211e-05
2011-2015,world_resolved,RO,100,73111,0.0013677832337131211
2011-2015,world_resolved,RS,22,73111,0.00030091231141688666
2011-2015,world_resolved,RU,243,73111,0.0033237132579228843
2011-2015,world_resolved,RW,1,73111,1.3677832337131211e-05
2011-2015,world_resolved,SA,141,73111,0.0019285743595355007
2011-2015,world_resolved,SD,0,73111,0.0
2011-2015,world_resolved,SE,1009,73111,0.013800932828165392
2011-2015,world_resolved,SG,2099,73111,0.02870977007563841
2011-2015,world_resolved,SI,71,73111,0.000971126095936316
2011-2015,world_resolved,SK,42,73111,0.0005744689581595109
2011-2015,world_resolved,SL,0,73111,0.0
2011-2015,world_resolved,SM,0,73111,0.0
2011-2015,world_resolved,SN,2,73111,2.7355664674262422e-05
2011-2015,world_resolved,SO,0,73111,0.0
2011-2015,world_resolved,SS,16,73111,0.00021884531739409938
2011-2015,world_resolved,SY,0,73111,0.0
2011-2015,world_resolved,SZ,0,73111,0.0
2011-2015,world_resolved,TD,0,73111,0.0
2011-2015,world_resolved,TG,0,73111,0.0
2011-2015,world_resolved,TH,52,73111,0.000711247281530823
2011-2015,world_resolved,TJ,5,73111,6.838916168565606e-05
2011-2015,world_resolved,TM,0,73111,0.0
2011-2015,world_resolved,TN,54,73111,0.0007386029462050854
2011-2015,world_resolved,TR,212,73111,0.002899700455471817
2011-2015,world_resolved,TT,0,73111,0.0
2011-2015,world_resolved,TV,0,73111,0.0
2011-2015,world_resolved,TW,1052,73111,0.014389079618662034
2011-2015,world_resolved,TZ,2,73111,2.7355664674262422e-05
2011-2015,world_resolved,UA,6,73111,8.206699402278727e-05
2011-2015,world_resolved,UG,8,73111,0.00010942265869704969
2011-2015,world_resolved,UM,0,73111,0.0
2011-2015,world_resolved,US,33928,73111,0.46406149553418774
2011-2015,world_resolved,UY,9,73111,0.0001231004910341809
2011-2015,world_resolved,UZ,0,73111,0.0
2011-2015,world_resolved,VA,0,73111,0.0
2011-2015,world_resolved,VE,6,73111,8.206699402278727e-05
2011-2015,world_resolved,VG,0,73111,0.0
2011-2015,world_resolved,VI,0,73111,0.0
2011-2015,world_resolved,VN,30,73111,0.00041033497011393633
2011-2015,world_resolved,WS,1,73111,1.3677832337131211e-05
2011-2015,world_resolved,XK,0,73111,0.0
2011-2015,world_resolved,YE,2,73111,2.7355664674262422e-05
2011-2015,world_resolved,ZA,77,73111,0.0010531930899591033
2011-2015,world_resolved,ZM,0,73111,0.0
2011-2015,world_resolved,ZW,2,73111,2.7355664674262422e-05
2011-2015,eu27_uk,AT,1106,26136,0.04231711049892868
2011-2015,eu27_uk,BE,878,26136,0.03359351086623814
2011-2015,eu27_uk,BG,17,26136,0.0006504438322620141
2011-2015,eu27_uk,CY,55,26136,0.0021043771043771043
2011-2015,eu27_uk,CZ,373,26136,0.014271502907866544
2011-2015,eu27_uk,DE,6970,26136,0.26668197122742576
2011-2015,eu27_uk,DK,632,26136,0.024181205999387816
2011-2015,eu27_uk,EE,71,26136,0.002716559534741353
2011-2015,eu27_uk,ES,1909,26136,0.0730410162228344
2011-2015,eu27_uk,FI,562,26136,0.02150290786654423
2011-2015,eu27_uk,FR,4508,26136,0.17248239975512702
2011-2015,eu27_uk,GB,5981,26136,0.22884144475053567
2011-2015,eu27_uk,GR,664,26136,0.025405570860116314
2011-2015,eu27_uk,HR,32,26136,0.001224364860728497
2011-2015,eu27_uk,HU,180,26136,0.006887052341597796
2011-2015,eu27_uk,IE,462,26136,0.017676767676767676
2011-2015,eu27_uk,IT,2560,26136,0.09794918885827977
2011-2015,eu27_uk,LT,3,26136,0.0001147842056932966
2011-2015,eu27_uk,LU,144,26136,0.005509641873278237
2011-2015,eu27_uk,LV,19,26136,0.0007269666360575452
2011-2015,eu27_uk,MT,9,26136,0.0003443526170798898
2011-2015,eu27_uk,NL,1742,26136,0.06665136210590757
2011-2015,eu27_uk,PL,284,26136,0.010866238138965412
2011-2015,eu27_uk,PT,570,26136,0.021808999081726354
2011-2015,eu27_uk,RO,100,26136,0.0038261401897765534
2011-2015,eu27_uk,SE,1009,26136,0.03860575451484542
2011-2015,eu27_uk,SI,71,26136,0.002716559534741353
2011-2015,eu27_uk,SK,42,26136,0.0016069788797061523
2011-2015,europe_extended,AL,1,29509,3.388796638313735e-05
2011-2015,europe_extended,AM,3,29509,0.00010166389914941205
2011-2015,europe_extended,AT,1106,29509,0.03748009081974991
2011-2015,europe_extended,BA,6,29509,0.0002033277982988241
2011-2015,europe_extended,BE,878,29509,0.02975363448439459
2011-2015,europe_extended,BG,17,29509,0.0005760954285133349
2011-2015,europe_extended,CH,2486,29509,0.08424548442847944
2011-2015,europe_extended,CY,55,29509,0.001863838151072554
2011-2015,europe_extended,CZ,373,29509,0.01264021146091023
2011-2015,europe_extended,DE,6970,29509,0.2361991256904673
2011-2015,europe_extended,DK,632,29509,0.021417194754142804
2011-2015,europe_extended,EE,71,29509,0.002406045613202752
2011-2015,europe_extended,ES,1909,29509,0.0646921278254092
2011-2015,europe_extended,FI,562,29509,0.01904503710732319
2011-2015,europe_extended,FR,4508,29509,0.15276695245518315
2011-2015,europe_extended,GB,5981,29509,0.20268392693754447
2011-2015,europe_extended,GE,0,29509,0.0
2011-2015,europe_extended,GR,664,29509,0.0225016096784032
2011-2015,europe_extended,HR,32,29509,0.0010844149242603951
2011-2015,europe_extended,HU,180,29509,0.006099833948964723
2011-2015,europe_extended,IE,462,29509,0.015656240469009455
2011-2015,europe_extended,IL,1716,29509,0.05815175031346369
2011-2015,europe_extended,IS,32,29509,0.0010844149242603951
2011-2015,europe_extended,IT,2560,29509,0.08675319394083161
2011-2015,europe_extended,LI,2,29509,6.77759327662747e-05
2011-2015,europe_extended,LT,3,29509,0.00010166389914941205
2011-2015,europe_extended,LU,144,29509,0.004879867159171778
2011-2015,europe_extended,LV,19,29509,0.0006438713612796096
2011-2015,europe_extended,MD,3,29509,0.00010166389914941205
2011-2015,europe_extended,ME,1,29509,3.388796638313735e-05
2011-2015,europe_extended,MK,4,29509,0.0001355518655325494
2011-2015,europe_extended,MT,9,29509,0.0003049916974482361
2011-2015,europe_extended,NL,1742,29509,0.05903283743942526
2011-2015,europe_extended,NO,409,29509,0.013860178250703176
2011-2015,europe_extended,PL,284,29509,0.009624182452811008
2011-2015,europe_extended,PT,570,29509,0.01931614083838829
2011-2015,europe_extended,RO,100,29509,0.0033887966383137347
2011-2015,europe_extended,RS,22,29509,0.0007455352604290216
2011-2015,europe_extended,SE,1009,29509,0.03419295808058558
2011-2015,europe_extended,SI,71,29509,0.002406045613202752
2011-2015,europe_extended,SK,42,29509,0.0014232945880917687
2011-2015,europe_extended,TR,212,29509,0.007184248873225118
2011-2015,europe_extended,UA,6,29509,0.0002033277982988241
2011-2015,comparable,AT,1106,14101,0.07843415360612722
2011-2015,comparable,BE,878,14101,0.06226508758244096
2011-2015,comparable,CH,2486,14101,0.17629955322317567
2011-2015,comparable,CZ,373,14101,0.026452024679100773
2011-2015,comparable,DK,632,14101,0.04481951634635841
2011-2015,comparable,ES,1909,14101,0.13538046947025034
2011-2015,comparable,FI,562,14101,0.03985532940926175
2011-2015,comparable,GR,664,14101,0.04708885894617403
2011-2015,comparable,HU,180,14101,0.012765052123962839
2011-2015,comparable,IE,462,14101,0.03276363378483795
2011-2015,comparable,IT,2560,14101,0.18154740798524927
2011-2015,comparable,NL,1742,14101,0.12353733777746259
2011-2015,comparable,NO,409,14101,0.02900503510389334
2011-2015,comparable,PL,284,14101,0.02014041557336359
2011-2015,comparable,PT,570,14101,0.04042266505921566
2011-2015,comparable,SE,1009,14101,0.07155520885043613
2016-2020,world_resolved,AE,277,99275,0.0027902291614202972
2016-2020,world_resolved,AF,0,99275,0.0
2016-2020,world_resolved,AL,2,99275,2.014605892722236e-05
2016-2020,world_resolved,AM,5,99275,5.03651473180559e-05
2016-2020,world_resolved,AO,0,99275,0.0
2016-2020,world_resolved,AR,79,99275,0.0007957693276252833
2016-2020,world_resolved,AS,0,99275,0.0
2016-2020,world_resolved,AT,1469,99275,0.014797280282044824
2016-2020,world_resolved,AU,4272,99275,0.04303198186854697
2016-2020,world_resolved,AZ,3,99275,3.0219088390833542e-05
2016-2020,world_resolved,BA,8,99275,8.058423570888945e-05
2016-2020,world_resolved,BB,0,99275,0.0
2016-2020,world_resolved,BD,74,99275,0.0007454041803072274
2016-2020,world_resolved,BE,903,99275,0.009095945605640896
2016-2020,world_resolved,BF,1,99275,1.007302946361118e-05
2016-2020,world_resolved,BG,25,99275,0.0002518257365902795
2016-2020,world_resolved,BH,1,99275,1.007302946361118e-05
2016-2020,world_resolved,BI,43,99275,0.0004331402669352808
2016-2020,world_resolved,BJ,1,99275,1.007302946361118e-05
2016-2020,world_resolved,BM,0,99275,0.0
2016-2020,world_resolved,BN,1,99275,1.007302946361118e-05
2016-2020,world_resolved,BO,4,99275,4.029211785444472e-05
2016-2020,world_resolved,BR,908,99275,0.009146310752958952
2016-2020,world_resolved,BS,0,99275,0.0
2016-2020,world_resolved,BW,1,99275,1.007302946361118e-05
2016-2020,world_resolved,BY,8,99275,8.058423570888945e-05
2016-2020,world_resolved,CA,5308,99275,0.05346764039284815
2016-2020,world_resolved,CD,2,99275,2.014605892722236e-05
2016-2020,world_resolved,CH,3232,99275,0.032556031226391335
2016-2020,world_resolved,CI,3,99275,3.0219088390833542e-05
2016-2020,world_resolved,CL,196,99275,0.0019743137748677916
2016-2020,world_resolved,CM,2,99275,2.014605892722236e-05
2016-2020,world_resolved,CN,19853,99275,0.1999798539410728
2016-2020,world_resolved,CO,111,99275,0.001118106270460841
2016-2020,world_resolved,CR,8,99275,8.058423570888945e-05
2016-2020,world_resolved,CU,3,99275,3.0219088390833542e-05
2016-2020,world_resolved,CX,0,99275,0.0
2016-2020,world_resolved,CY,73,99275,0.0007353311508436162
2016-2020,world_resolved,CZ,615,99275,0.006194913120120877
2016-2020,world_resolved,DE,8270,99275,0.08330395366406447
2016-2020,world_resolved,DJ,0,99275,0.0
2016-2020,world_resolved,DK,1021,99275,0.010284563082347016
2016-2020,world_resolved,DO,21,99275,0.0002115336187358348
2016-2020,world_resolved,DZ,61,99275,0.000614454797280282
2016-2020,world_resolved,EC,29,99275,0.0002921178544447242
2016-2020,world_resolved,EE,86,99275,0.0008662805338705616
2016-2020,world_resolved,EG,87,99275,0.0008763535633341728
2016-2020,world_resolved,ES,1536,99275,0.015472173256106773
2016-2020,world_resolved,ET,10,99275,0.0001007302946361118
2016-2020,world_resolved,FI,842,99275,0.008481490808360614
2016-2020,world_resolved,FJ,1,99275,1.007302946361118e-05
2016-2020,world_resolved,FM,0,99275,0.0
2016-2020,world_resolved,FO,0,99275,0.0
2016-2020,world_resolved,FR,4674,99275,0.04708133971291866
2016-2020,world_resolved,GB,8966,99275,0.09031478217073785
2016-2020,world_resolved,GE,0,99275,0.0
2016-2020,world_resolved,GF,1,99275,1.007302946361118e-05
2016-2020,world_resolved,GH,7,99275,7.051120624527826e-05
2016-2020,world_resolved,GI,1,99275,1.007302946361118e-05
2016-2020,world_resolved,GL,0,99275,0.0
2016-2020,world_resolved,GM,1,99275,1.007302946361118e-05
2016-2020,world_resolved,GN,0,99275,0.0
2016-2020,world_resolved,GP,1,99275,1.007302946361118e-05
2016-2020,world_resolved,GR,596,99275,0.006003525560312264
2016-2020,world_resolved,GT,1,99275,1.007302946361118e-05
2016-2020,world_resolved,GY,1,99275,1.007302946361118e-05
2016-2020,world_resolved,HK,2417,99275,0.024346512213548225
2016-2020,world_resolved,HN,0,99275,0.0
2016-2020,world_resolved,HR,30,99275,0.00030219088390833545
2016-2020,world_resolved,HU,165,99275,0.0016620498614958448
2016-2020,world_resolved,ID,24,99275,0.00024175270712666834
2016-2020,world_resolved,IE,445,99275,0.0044824981113069755
2016-2020,world_resolved,IL,2769,99275,0.02789221858473936
2016-2020,world_resolved,IN,2302,99275,0.023188113825232937
2016-2020,world_resolved,IO,0,99275,0.0
2016-2020,world_resolved,IQ,7,99275,7.051120624527826e-05
2016-2020,world_resolved,IR,183,99275,0.0018433643918408461
2016-2020,world_resolved,IS,23,99275,0.00023167967766305717
2016-2020,world_resolved,IT,2796,99275,0.028164190380256863
2016-2020,world_resolved,JM,66,99275,0.000664819944598338
2016-2020,world_resolved,JO,10,99275,0.0001007302946361118
2016-2020,world_resolved,JP,3855,99275,0.0388315285822211
2016-2020,world_resolved,KE,7,99275,7.051120624527826e-05
2016-2020,world_resolved,KG,0,99275,0.0
2016-2020,world_resolved,KH,7,99275,7.051120624527826e-05
2016-2020,world_resolved,KN,0,99275,0.0
2016-2020,world_resolved,KP,1,99275,1.007302946361118e-05
2016-2020,world_resolved,KR,2620,99275,0.026391337194661295
2016-2020,world_resolved,KW,3,99275,3.0219088390833542e-05
2016-2020,world_resolved,KY,55,99275,0.000554016620498615
2016-2020,world_resolved,KZ,18,99275,0.00018131453034500125
2016-2020,world_resolved,LB,30,99275,0.00030219088390833545
2016-2020,world_resolved,LI,5,99275,5.03651473180559e-05
2016-2020,world_resolved,LK,27,99275,0.0002719717955175019
2016-2020,world_resolved,LS,0,99275,0.0
2016-2020,world_resolved,LT,5,99275,5.03651473180559e-05
2016-2020,world_resolved,LU,217,99275,0.002185847393603626
2016-2020,world_resolved,LV,12,99275,0.00012087635356333417
2016-2020,world_resolved,LY,1,99275,1.007302946361118e-05
2016-2020,world_resolved,MA,18,99275,0.00018131453034500125
2016-2020,world_resolved,MD,2,99275,2.014605892722236e-05
2016-2020,world_resolved,ME,0,99275,0.0
2016-2020,world_resolved,MG,0,99275,0.0
2016-2020,world_resolved,MK,42,99275,0.0004230672374716696
2016-2020,world_resolved,ML,2,99275,2.014605892722236e-05
2016-2020,world_resolved,MM,18,99275,0.00018131453034500125
2016-2020,world_resolved,MN,3,99275,3.0219088390833542e-05
2016-2020,world_resolved,MO,131,99275,0.0013195668597330648
2016-2020,world_resolved,MQ,0,99275,0.0
2016-2020,world_resolved,MT,14,99275,0.00014102241249055653
2016-2020,world_resolved,MU,2,99275,2.014605892722236e-05
2016-2020,world_resolved,MW,0,99275,0.0
2016-2020,world_resolved,MX,330,99275,0.0033240997229916896
2016-2020,world_resolved,MY,67,99275,0.0006748929740619491
2016-2020,world_resolved,MZ,3,99275,3.0219088390833542e-05
2016-2020,world_resolved,NC,4,99275,4.029211785444472e-05
2016-2020,world_resolved,NE,0,99275,0.0
2016-2020,world_resolved,NG,16,99275,0.0001611684714177789
2016-2020,world_resolved,NI,1,99275,1.007302946361118e-05
2016-2020,world_resolved,NL,2370,99275,0.023873079828758498
2016-2020,world_resolved,NO,476,99275,0.004794762024678922
2016-2020,world_resolved,NP,7,99275,7.051120624527826e-05
2016-2020,world_resolved,NZ,475,99275,0.004784688995215311
2016-2020,world_resolved,OM,0,99275,0.0
2016-2020,world_resolved,PA,0,99275,0.0
2016-2020,world_resolved,PE,10,99275,0.0001007302946361118
2016-2020,world_resolved,PF,1,99275,1.007302946361118e-05
2016-2020,world_resolved,PH,29,99275,0.0002921178544447242
2016-2020,world_resolved,PK,156,99275,0.0015713925963233442
2016-2020,world_resolved,PL,550,99275,0.00554016620498615
2016-2020,world_resolved,PR,20,99275,0.0002014605892722236
2016-2020,world_resolved,PS,6,99275,6.0438176781667084e-05
2016-2020,world_resolved,PT,557,99275,0.005610677411231428
2016-2020,world_resolved,PW,0,99275,0.0
2016-2020,world_resolved,PY,2,99275,2.014605892722236e-05
2016-2020,world_resolved,QA,193,99275,0.001944094686476958
2016-2020,world_resolved,RE,0,99275,0.0
2016-2020,world_resolved,RO,126,99275,0.001269201712415009
2016-2020,world_resolved,RS,27,99275,0.0002719717955175019
2016-2020,world_resolved,RU,588,99275,0.005922941324603375
2016-2020,world_resolved,RW,2,99275,2.014605892722236e-05
2016-2020,world_resolved,SA,249,99275,0.002508184336439184
2016-2020,world_resolved,SD,0,99275,0.0
2016-2020,world_resolved,SE,1332,99275,0.013417275245530094
2016-2020,world_resolved,SG,2990,99275,0.03011835809619743
2016-2020,world_resolved,SI,93,99275,0.0009367917401158398
2016-2020,world_resolved,SK,68,99275,0.0006849660035255603
2016-2020,world_resolved,SL,1,99275,1.007302946361118e-05
2016-2020,world_resolved,SM,1,99275,1.007302946361118e-05
2016-2020,world_resolved,SN,3,99275,3.0219088390833542e-05
2016-2020,world_resolved,SO,0,99275,0.0
2016-2020,world_resolved,SS,26,99275,0.0002618987660538907
2016-2020,world_resolved,SY,0,99275,0.0
2016-2020,world_resolved,SZ,0,99275,0.0
2016-2020,world_resolved,TD,0,99275,0.0
2016-2020,world_resolved,TG,0,99275,0.0
2016-2020,world_resolved,TH,58,99275,0.0005842357088894485
2016-2020,world_resolved,TJ,0,99275,0.0
2016-2020,world_resolved,TM,0,99275,0.0
2016-2020,world_resolved,TN,59,99275,0.0005943087383530597
2016-2020,world_resolved,TR,239,99275,0.002407454041803072
2016-2020,world_resolved,TT,2,99275,2.014605892722236e-05
2016-2020,world_resolved,TV,0,99275,0.0
2016-2020,world_resolved,TW,1143,99275,0.01151347267690758
2016-2020,world_resolved,TZ,4,99275,4.029211785444472e-05
2016-2020,world_resolved,UA,17,99275,0.00017124150088139008
2016-2020,world_resolved,UG,10,99275,0.0001007302946361118
2016-2020,world_resolved,UM,0,99275,0.0
2016-2020,world_resolved,US,44208,99275,0.4453084865273231
2016-2020,world_resolved,UY,17,99275,0.00017124150088139008
2016-2020,world_resolved,UZ,4,99275,4.029211785444472e-05
2016-2020,world_resolved,VA,1,99275,1.007302946361118e-05
2016-2020,world_resolved,VE,7,99275,7.051120624527826e-05
2016-2020,world_resolved,VG,0,99275,0.0
2016-2020,world_resolved,VI,1,99275,1.007302946361118e-05
2016-2020,world_resolved,VN,50,99275,0.000503651473180559
2016-2020,world_resolved,WS,0,99275,0.0
2016-2020,world_resolved,XK,0,99275,0.0
2016-2020,world_resolved,YE,5,99275,5.03651473180559e-05
2016-2020,world_resolved,ZA,88,99275,0.0008864265927977839
2016-2020,world_resolved,ZM,0,99275,0.0
2016-2020,world_resolved,ZW,0,99275,0.0
2016-2020,eu27_uk,AT,1469,31263,0.04698845280363369
2016-2020,eu27_uk,BE,903,31263,0.02888398426254678
2016-2020,eu27_uk,BG,25,31263,0.0007996673383872309
2016-2020,eu27_uk,CY,73,31263,0.0023350286280907143
2016-2020,eu27_uk,CZ,615,31263,0.01967181652432588
2016-2020,eu27_uk,DE,8270,31263,0.264529955538496
2016-2020,eu27_uk,DK,1021,31263,0.03265841409973451
2016-2020,eu27_uk,EE,86,31263,0.0027508556440520742
2016-2020,eu27_uk,ES,1536,31263,0.049131561270511465
2016-2020,eu27_uk,FI,842,31263,0.026932795956881937
2016-2020,eu27_uk,FR,4674,31263,0.1495058055848767
2016-2020,eu27_uk,GB,8966,31263,0.2867926942391965
2016-2020,eu27_uk,GR,596,31263,0.019064069347151585
2016-2020,eu27_uk,HR,30,31263,0.000959600806064677
2016-2020,eu27_uk,HU,165,31263,0.005277804433355724
2016-2020,eu27_uk,IE,445,31263,0.01423407862329271
2016-2020,eu27_uk,IT,2796,31263,0.08943479512522791
2016-2020,eu27_uk,LT,5,31263,0.00015993346767744618
2016-2020,eu27_uk,LU,217,31263,0.006941112497201164
2016-2020,eu27_uk,LV,12,31263,0.0003838403224258708
2016-2020,eu27_uk,MT,14,31263,0.0004478137094968493
2016-2020,eu27_uk,NL,2370,31263,0.0758084636791095
2016-2020,eu27_uk,PL,550,31263,0.01759268144451908
2016-2020,eu27_uk,PT,557,31263,0.017816588299267504
2016-2020,eu27_uk,RO,126,31263,0.004030323385471644
2016-2020,eu27_uk,SE,1332,31263,0.04260627578927166
2016-2020,eu27_uk,SI,93,31263,0.002974762498800499
2016-2020,eu27_uk,SK,68,31263,0.002175095160413268
2016-2020,europe_extended,AL,2,35952,5.562972852692479e-05
2016-2020,europe_extended,AM,5,35952,0.00013907432131731197
2016-2020,europe_extended,AT,1469,35952,0.04086003560302626
2016-2020,europe_extended,BA,8,35952,0.00022251891410769915
2016-2020,europe_extended,BE,903,35952,0.02511682242990654
2016-2020,europe_extended,BG,25,35952,0.0006953716065865598
2016-2020,europe_extended,CH,3232,35952,0.08989764129951046
2016-2020,europe_extended,CY,73,35952,0.0020304850912327547
2016-2020,europe_extended,CZ,615,35952,0.017106141522029373
2016-2020,europe_extended,DE,8270,35952,0.230028927458834
2016-2020,europe_extended,DK,1021,35952,0.028398976412995106
2016-2020,europe_extended,EE,86,35952,0.002392078326657766
2016-2020,europe_extended,ES,1536,35952,0.042723631508678236
2016-2020,europe_extended,FI,842,35952,0.023420115709835335
2016-2020,europe_extended,FR,4674,35952,0.13000667556742324
2016-2020,europe_extended,GB,8966,35952,0.24938807298620383
2016-2020,europe_extended,GE,0,35952,0.0
2016-2020,europe_extended,GR,596,35952,0.016577659101023587
2016-2020,europe_extended,HR,30,35952,0.0008344459279038719
2016-2020,europe_extended,HU,165,35952,0.0045894526034712954
2016-2020,europe_extended,IE,445,35952,0.012377614597240766
2016-2020,europe_extended,IL,2769,35952,0.07701935914552736
2016-2020,europe_extended,IS,23,35952,0.0006397418780596351
2016-2020,europe_extended,IT,2796,35952,0.07777036048064086
2016-2020,europe_extended,LI,5,35952,0.00013907432131731197
2016-2020,europe_extended,LT,5,35952,0.00013907432131731197
2016-2020,europe_extended,LU,217,35952,0.006035825545171339
2016-2020,europe_extended,LV,12,35952,0.0003337783711615487
2016-2020,europe_extended,MD,2,35952,5.562972852692479e-05
2016-2020,europe_extended,ME,0,35952,0.0
2016-2020,europe_extended,MK,42,35952,0.0011682242990654205
2016-2020,europe_extended,MT,14,35952,0.0003894080996884735
2016-2020,europe_extended,NL,2370,35952,0.06592122830440587
2016-2020,europe_extended,NO,476,35952,0.0132398753894081
2016-2020,europe_extended,PL,550,35952,0.015298175344904318
2016-2020,europe_extended,PT,557,35952,0.015492879394748554
2016-2020,europe_extended,RO,126,35952,0.0035046728971962616
2016-2020,europe_extended,RS,27,35952,0.0007510013351134847
2016-2020,europe_extended,SE,1332,35952,0.03704939919893191
2016-2020,europe_extended,SI,93,35952,0.0025867823765020025
2016-2020,europe_extended,SK,68,35952,0.0018914107699154429
2016-2020,europe_extended,TR,239,35952,0.006647752558967512
2016-2020,europe_extended,UA,17,35952,0.0004728526924788607
2016-2020,comparable,AT,1469,16554,0.0887398815996134
2016-2020,comparable,BE,903,16554,0.054548749546937295
2016-2020,comparable,CH,3232,16554,0.19523982119125288
2016-2020,comparable,CZ,615,16554,0.03715114171801377
2016-2020,comparable,DK,1021,16554,0.061676936087954576
2016-2020,comparable,ES,1536,16554,0.09278724175425879
2016-2020,comparable,FI,842,16554,0.05086383955539447
2016-2020,comparable,GR,596,16554,0.03600338286818896
2016-2020,comparable,HU,165,16554,0.009967379485320768
2016-2020,comparable,IE,445,16554,0.026881720430107527
2016-2020,comparable,IT,2796,16554,0.1689017760057992
2016-2020,comparable,NL,2370,16554,0.1431678144255165
2016-2020,comparable,NO,476,16554,0.02875437960613749
2016-2020,comparable,PL,550,16554,0.03322459828440256
2016-2020,comparable,PT,557,16554,0.03364745680802223
2016-2020,comparable,SE,1332,16554,0.08046393620877129
2021-2025,world_resolved,AE,1231,171539,0.007176210657634707
2021-2025,world_resolved,AF,4,171539,2.3318312453727723e-05
2021-2025,world_resolved,AL,4,171539,2.3318312453727723e-05
2021-2025,world_resolved,AM,11,171539,6.412535924775124e-05
2021-2025,world_resolved,AO,1,171539,5.829578113431931e-06
2021-2025,world_resolved,AR,107,171539,0.0006237648581372166
2021-2025,world_resolved,AS,4,171539,2.3318312453727723e-05
2021-2025,world_resolved,AT,2217,171539,0.01292417467747859
2021-2025,world_resolved,AU,7128,171539,0.041553232792542805
2021-2025,world_resolved,AZ,0,171539,0.0
2021-2025,world_resolved,BA,16,171539,9.327324981491089e-05
2021-2025,world_resolved,BB,1,171539,5.829578113431931e-06
2021-2025,world_resolved,BD,237,171539,0.0013816100128833677
2021-2025,world_resolved,BE,1236,171539,0.007205358548201867
2021-2025,world_resolved,BF,0,171539,0.0
2021-2025,world_resolved,BG,95,171539,0.0005538099207760335
2021-2025,world_resolved,BH,4,171539,2.3318312453727723e-05
2021-2025,world_resolved,BI,37,171539,0.00021569439019698144
2021-2025,world_resolved,BJ,1,171539,5.829578113431931e-06
2021-2025,world_resolved,BM,0,171539,0.0
2021-2025,world_resolved,BN,0,171539,0.0
2021-2025,world_resolved,BO,8,171539,4.6636624907455445e-05
2021-2025,world_resolved,BR,691,171539,0.004028238476381465
2021-2025,world_resolved,BS,3,171539,1.7488734340295792e-05
2021-2025,world_resolved,BW,3,171539,1.7488734340295792e-05
2021-2025,world_resolved,BY,19,171539,0.00011076198415520669
2021-2025,world_resolved,CA,8845,171539,0.05156261841330543
2021-2025,world_resolved,CD,0,171539,0.0
2021-2025,world_resolved,CH,5334,171539,0.03109496965704592
2021-2025,world_resolved,CI,5,171539,2.9147890567159653e-05
2021-2025,world_resolved,CL,212,171539,0.0012358705600475693
2021-2025,world_resolved,CM,13,171539,7.57845154746151e-05
2021-2025,world_resolved,CN,57744,171539,0.3366231585820134
2021-2025,world_resolved,CO,77,171539,0.00044887751473425867
2021-2025,world_resolved,CR,22,171539,0.0001282507184955025
2021-2025,world_resolved,CU,4,171539,2.3318312453727723e-05
2021-2025,world_resolved,CX,4,171539,2.3318312453727723e-05
2021-2025,world_resolved,CY,97,171539,0.0005654690770028973
2021-2025,world_resolved,CZ,780,171539,0.004547070928476906
2021-2025,world_resolved,DE,12955,171539,0.07552218445951067
2021-2025,world_resolved,DJ,0,171539,0.0
2021-2025,world_resolved,DK,1710,171539,0.009968578573968602
2021-2025,world_resolved,DO,16,171539,9.327324981491089e-05
2021-2025,world_resolved,DZ,75,171539,0.00043721835850739485
2021-2025,world_resolved,EC,46,171539,0.0002681605932178688
2021-2025,world_resolved,EE,126,171539,0.0007345268422924233
2021-2025,world_resolved,EG,104,171539,0.0006062761237969208
2021-2025,world_resolved,ES,1990,171539,0.011600860445729543
2021-2025,world_resolved,ET,38,171539,0.00022152396831041338
2021-2025,world_resolved,FI,1107,171539,0.006453342971569147
2021-2025,world_resolved,FJ,0,171539,0.0
2021-2025,world_resolved,FM,1,171539,5.829578113431931e-06
2021-2025,world_resolved,FO,0,171539,0.0
2021-2025,world_resolved,FR,6337,171539,0.03694203650481814
2021-2025,world_resolved,GB,14709,171539,0.08574726447047028
2021-2025,world_resolved,GE,5,171539,2.9147890567159653e-05
2021-2025,world_resolved,GF,1,171539,5.829578113431931e-06
2021-2025,world_resolved,GH,27,171539,0.00015739860906266215
2021-2025,world_resolved,GI,0,171539,0.0
2021-2025,world_resolved,GL,0,171539,0.0
2021-2025,world_resolved,GM,2,171539,1.1659156226863861e-05
2021-2025,world_resolved,GN,1,171539,5.829578113431931e-06
2021-2025,world_resolved,GP,1,171539,5.829578113431931e-06
2021-2025,world_resolved,GR,648,171539,0.0037775666175038913
2021-2025,world_resolved,GT,1,171539,5.829578113431931e-06
2021-2025,world_resolved,GY,0,171539,0.0
2021-2025,world_resolved,HK,8246,171539,0.048070701123359705
2021-2025,world_resolved,HN,0,171539,0.0
2021-2025,world_resolved,HR,51,171539,0.00029730848378502846
2021-2025,world_resolved,HU,169,171539,0.0009851987011699963
2021-2025,world_resolved,ID,61,171539,0.0003556042649193478
2021-2025,world_resolved,IE,542,171539,0.0031596313374801068
2021-2025,world_resolved,IL,3424,171539,0.019960475460390932
2021-2025,world_resolved,IN,3641,171539,0.02122549391100566
2021-2025,world_resolved,IO,1,171539,5.829578113431931e-06
2021-2025,world_resolved,IQ,13,171539,7.57845154746151e-05
2021-2025,world_resolved,IR,256,171539,0.0014923719970385742
2021-2025,world_resolved,IS,32,171539,0.00018654649962982178
2021-2025,world_resolved,IT,4069,171539,0.023720553343554527
2021-2025,world_resolved,JM,77,171539,0.00044887751473425867
2021-2025,world_resolved,JO,12,171539,6.995493736118317e-05
2021-2025,world_resolved,JP,5267,171539,0.03070438792344598
2021-2025,world_resolved,KE,21,171539,0.00012242114038207055
2021-2025,world_resolved,KG,1,171539,5.829578113431931e-06
2021-2025,world_resolved,KH,5,171539,2.9147890567159653e-05
2021-2025,world_resolved,KN,3,171539,1.7488734340295792e-05
2021-2025,world_resolved,KP,31,171539,0.00018071692151638987
2021-2025,world_resolved,KR,7113,171539,0.041465789120841326
2021-2025,world_resolved,KW,9,171539,5.2466203020887376e-05
2021-2025,world_resolved,KY,216,171539,0.0012591888725012972
2021-2025,world_resolved,KZ,19,171539,0.00011076198415520669
2021-2025,world_resolved,LB,35,171539,0.0002040352339701176
2021-2025,world_resolved,LI,10,171539,5.8295781134319307e-05
2021-2025,world_resolved,LK,24,171539,0.00013990987472236634
2021-2025,world_resolved,LS,1,171539,5.829578113431931e-06
2021-2025,world_resolved,LT,10,171539,5.8295781134319307e-05
2021-2025,world_resolved,LU,324,171539,0.0018887833087519457
2021-2025,world_resolved,LV,11,171539,6.412535924775124e-05
2021-2025,world_resolved,LY,8,171539,4.6636624907455445e-05
2021-2025,world_resolved,MA,26,171539,0.0001515690309492302
2021-2025,world_resolved,MD,1,171539,5.829578113431931e-06
2021-2025,world_resolved,ME,17,171539,9.910282792834283e-05
2021-2025,world_resolved,MG,2,171539,1.1659156226863861e-05
2021-2025,world_resolved,MK,69,171539,0.0004022408898268032
2021-2025,world_resolved,ML,5,171539,2.9147890567159653e-05
2021-2025,world_resolved,MM,4,171539,2.3318312453727723e-05
2021-2025,world_resolved,MN,8,171539,4.6636624907455445e-05
2021-2025,world_resolved,MO,632,171539,0.0036842933676889803
2021-2025,world_resolved,MQ,0,171539,0.0
2021-2025,world_resolved,MT,11,171539,6.412535924775124e-05
2021-2025,world_resolved,MU,0,171539,0.0
2021-2025,world_resolved,MW,12,171539,6.995493736118317e-05
2021-2025,world_resolved,MX,420,171539,0.002448422807641411
2021-2025,world_resolved,MY,118,171539,0.0006878902173849678
2021-2025,world_resolved,MZ,2,171539,1.1659156226863861e-05
2021-2025,world_resolved,NC,2,171539,1.1659156226863861e-05
2021-2025,world_resolved,NE,0,171539,0.0
2021-2025,world_resolved,NG,45,171539,0.0002623310151044369
2021-2025,world_resolved,NI,3,171539,1.7488734340295792e-05
2021-2025,world_resolved,NL,3865,171539,0.022531319408414414
2021-2025,world_resolved,NO,771,171539,0.004494604725456019
2021-2025,world_resolved,NP,21,171539,0.00012242114038207055
2021-2025,world_resolved,NZ,561,171539,0.0032703933216353133
2021-2025,world_resolved,OM,6,171539,3.4977468680591584e-05
2021-2025,world_resolved,PA,2,171539,1.1659156226863861e-05
2021-2025,world_resolved,PE,19,171539,0.00011076198415520669
2021-2025,world_resolved,PF,2,171539,1.1659156226863861e-05
2021-2025,world_resolved,PH,32,171539,0.00018654649962982178
2021-2025,world_resolved,PK,144,171539,0.000839459248334198
2021-2025,world_resolved,PL,1160,171539,0.00676231061158104
2021-2025,world_resolved,PR,19,171539,0.00011076198415520669
2021-2025,world_resolved,PS,14,171539,8.161409358804703e-05
2021-2025,world_resolved,PT,615,171539,0.0035851905397606375
2021-2025,world_resolved,PW,1,171539,5.829578113431931e-06
2021-2025,world_resolved,PY,5,171539,2.9147890567159653e-05
2021-2025,world_resolved,QA,124,171539,0.0007228676860655595
2021-2025,world_resolved,RE,2,171539,1.1659156226863861e-05
2021-2025,world_resolved,RO,141,171539,0.0008219705139939022
2021-2025,world_resolved,RS,42,171539,0.0002448422807641411
2021-2025,world_resolved,RU,965,171539,0.005625542879461813
2021-2025,world_resolved,RW,15,171539,8.744367170147897e-05
2021-2025,world_resolved,SA,657,171539,0.0038300328205247785
2021-2025,world_resolved,SD,2,171539,1.1659156226863861e-05
2021-2025,world_resolved,SE,2187,171539,0.012749287334075633
2021-2025,world_resolved,SG,7253,171539,0.042281930056721796
2021-2025,world_resolved,SI,123,171539,0.0007170381079521275
2021-2025,world_resolved,SK,110,171539,0.0006412535924775124
2021-2025,world_resolved,SL,0,171539,0.0
2021-2025,world_resolved,SM,0,171539,0.0
2021-2025,world_resolved,SN,3,171539,1.7488734340295792e-05
2021-2025,world_resolved,SO,3,171539,1.7488734340295792e-05
2021-2025,world_resolved,SS,39,171539,0.00022735354642384532
2021-2025,world_resolved,SY,2,171539,1.1659156226863861e-05
2021-2025,world_resolved,SZ,1,171539,5.829578113431931e-06
2021-2025,world_resolved,TD,6,171539,3.4977468680591584e-05
2021-2025,world_resolved,TG,3,171539,1.7488734340295792e-05
2021-2025,world_resolved,TH,118,171539,0.0006878902173849678
2021-2025,world_resolved,TJ,8,171539,4.6636624907455445e-05
2021-2025,world_resolved,TM,1,171539,5.829578113431931e-06
2021-2025,world_resolved,TN,48,171539,0.00027981974944473267
2021-2025,world_resolved,TR,326,171539,0.0019004424649788094
2021-2025,world_resolved,TT,2,171539,1.1659156226863861e-05
2021-2025,world_resolved,TV,2,171539,1.1659156226863861e-05
2021-2025,world_resolved,TW,1612,171539,0.009397279918852273
2021-2025,world_resolved,TZ,8,171539,4.6636624907455445e-05
2021-2025,world_resolved,UA,31,171539,0.00018071692151638987
2021-2025,world_resolved,UG,11,171539,6.412535924775124e-05
2021-2025,world_resolved,UM,3,171539,1.7488734340295792e-05
2021-2025,world_resolved,US,66327,171539,0.38665842752959967
2021-2025,world_resolved,UY,13,171539,7.57845154746151e-05
2021-2025,world_resolved,UZ,8,171539,4.6636624907455445e-05
2021-2025,world_resolved,VA,0,171539,0.0
2021-2025,world_resolved,VE,1,171539,5.829578113431931e-06
2021-2025,world_resolved,VG,3,171539,1.7488734340295792e-05
2021-2025,world_resolved,VI,2,171539,1.1659156226863861e-05
2021-2025,world_resolved,VN,382,171539,0.0022268988393309977
2021-2025,world_resolved,WS,0,171539,0.0
2021-2025,world_resolved,XK,1,171539,5.829578113431931e-06
2021-2025,world_resolved,YE,12,171539,6.995493736118317e-05
2021-2025,world_resolved,ZA,135,171539,0.0007869930453133107
2021-2025,world_resolved,ZM,4,171539,2.3318312453727723e-05
2021-2025,world_resolved,ZW,25,171539,0.00014573945283579827
2021-2025,eu27_uk,AT,2217,47038,0.047132105956885925
2021-2025,eu27_uk,BE,1236,47038,0.026276627407627876
2021-2025,eu27_uk,BG,95,47038,0.0020196436923338576
2021-2025,eu27_uk,CY,97,47038,0.0020621625069093073
2021-2025,eu27_uk,CZ,780,47038,0.01658233768442536
2021-2025,eu27_uk,DE,12955,47038,0.275415621412475
2021-2025,eu27_uk,DK,1710,47038,0.03635358646200944
2021-2025,eu27_uk,EE,126,47038,0.002678685318253327
2021-2025,eu27_uk,ES,1990,47038,0.042306220502572385
2021-2025,eu27_uk,FI,1107,47038,0.023534163867511372
2021-2025,eu27_uk,FR,6337,47038,0.13472086398231217
2021-2025,eu27_uk,GB,14709,47038,0.31270462179514436
2021-2025,eu27_uk,GR,648,47038,0.013776095922445683
2021-2025,eu27_uk,HR,51,47038,0.0010842297716739658
2021-2025,eu27_uk,HU,169,47038,0.003592839831625494
2021-2025,eu27_uk,IE,542,47038,0.011522598749946851
2021-2025,eu27_uk,IT,4069,47038,0.08650452825375228
2021-2025,eu27_uk,LT,10,47038,0.00021259407287724819
2021-2025,eu27_uk,LU,324,47038,0.006888047961222841
2021-2025,eu27_uk,LV,11,47038,0.000233853480164973
2021-2025,eu27_uk,MT,11,47038,0.000233853480164973
2021-2025,eu27_uk,NL,3865,47038,0.08216760916705643
2021-2025,eu27_uk,PL,1160,47038,0.02466091245376079
2021-2025,eu27_uk,PT,615,47038,0.013074535481950764
2021-2025,eu27_uk,RO,141,47038,0.0029975764275691993
2021-2025,eu27_uk,SE,2187,47038,0.04649432373825418
2021-2025,eu27_uk,SI,123,47038,0.0026149070963901525
2021-2025,eu27_uk,SK,110,47038,0.00233853480164973
2021-2025,europe_extended,AL,4,53554,7.469096612764686e-05
2021-2025,europe_extended,AM,11,53554,0.00020540015685102886
2021-2025,europe_extended,AT,2217,53554,0.04139746797624827
2021-2025,europe_extended,BA,16,53554,0.0002987638645105874
2021-2025,europe_extended,BE,1236,53554,0.02307950853344288
2021-2025,europe_extended,BG,95,53554,0.001773910445531613
2021-2025,europe_extended,CH,5334,53554,0.09960040333121709
2021-2025,europe_extended,CY,97,53554,0.0018112559285954363
2021-2025,europe_extended,CZ,780,53554,0.014564738394891138
2021-2025,europe_extended,DE,12955,53554,0.24190536654591627
2021-2025,europe_extended,DK,1710,53554,0.03193038801956903
2021-2025,europe_extended,EE,126,53554,0.0023527654330208763
2021-2025,europe_extended,ES,1990,53554,0.037158755648504314
2021-2025,europe_extended,FI,1107,53554,0.020670724875826267
2021-2025,europe_extended,FR,6337,53554,0.11832916308772454
2021-2025,europe_extended,GB,14709,53554,0.2746573551928894
2021-2025,europe_extended,GE,5,53554,9.336370765955858e-05
2021-2025,europe_extended,GR,648,53554,0.012099936512678792
2021-2025,europe_extended,HR,51,53554,0.0009523098181274975
2021-2025,europe_extended,HU,169,53554,0.0031556933188930797
2021-2025,europe_extended,IE,542,53554,0.01012062591029615
2021-2025,europe_extended,IL,3424,53554,0.06393546700526571
2021-2025,europe_extended,IS,32,53554,0.0005975277290211748
2021-2025,europe_extended,IT,4069,53554,0.07597938529334877
2021-2025,europe_extended,LI,10,53554,0.00018672741531911715
2021-2025,europe_extended,LT,10,53554,0.00018672741531911715
2021-2025,europe_extended,LU,324,53554,0.006049968256339396
2021-2025,europe_extended,LV,11,53554,0.00020540015685102886
2021-2025,europe_extended,MD,1,53554,1.8672741531911714e-05
2021-2025,europe_extended,ME,17,53554,0.00031743660604249916
2021-2025,europe_extended,MK,69,53554,0.0012884191657019084
2021-2025,europe_extended,MT,11,53554,0.00020540015685102886
2021-2025,europe_extended,NL,3865,53554,0.07217014602083878
2021-2025,europe_extended,NO,771,53554,0.014396683721103932
2021-2025,europe_extended,PL,1160,53554,0.021660380177017588
2021-2025,europe_extended,PT,615,53554,0.011483736042125705
2021-2025,europe_extended,RO,141,53554,0.0026328565559995518
2021-2025,europe_extended,RS,42,53554,0.0007842551443402921
2021-2025,europe_extended,SE,2187,53554,0.04083728573029092
2021-2025,europe_extended,SI,123,53554,0.002296747208425141
2021-2025,europe_extended,SK,110,53554,0.0020540015685102885
2021-2025,europe_extended,TR,326,53554,0.006087313739403219
2021-2025,europe_extended,UA,31,53554,0.0005788549874892632
2021-2025,comparable,AT,2217,24697,0.08976798801473863
2021-2025,comparable,BE,1236,24697,0.05004656436004373
2021-2025,comparable,CH,5334,24697,0.215977649107179
2021-2025,comparable,CZ,780,24697,0.03158278333400818
2021-2025,comparable,DK,1710,24697,0.06923917884763331
2021-2025,comparable,ES,1990,24697,0.08057658824958497
2021-2025,comparable,FI,1107,24697,0.04482325788557315
2021-2025,comparable,GR,648,24697,0.026238004615945255
2021-2025,comparable,HU,169,24697,0.006842936389035105
2021-2025,comparable,IE,542,24697,0.02194598534234927
2021-2025,comparable,IT,4069,24697,0.164756853059076
2021-2025,comparable,NL,3865,24697,0.15649674049479695
2021-2025,comparable,NO,771,24697,0.03121836660323116
2021-2025,comparable,PL,1160,24697,0.04696926752237114
2021-2025,comparable,PT,615,24697,0.024901809936429525
2021-2025,comparable,SE,2187,24697,0.08855326557881524
