venue,eu0,es0,eu1,es1,status,share0_venue,share1_venue,delta_es,delta_eu,from,to
AAAI,0.0,0.0,2373.0,78.0,new_or_zero_in_base,,0.03286978508217446,78.0,2373.0,2001-2005,2021-2025
AAMAS,332.0,25.0,33.0,7.0,present_both,0.07530120481927711,0.21212121212121213,-18.0,-299.0,2001-2005,2021-2025
ACL,122.0,5.0,503.0,20.0,present_both,0.040983606557377046,0.039761431411530816,15.0,381.0,2001-2005,2021-2025
ACMMM,150.0,11.0,541.0,16.0,present_both,0.07333333333333333,0.029574861367837338,5.0,391.0,2001-2005,2021-2025
ACSAC,45.0,0.0,120.0,8.0,present_both,0.0,0.06666666666666667,8.0,75.0,2001-2005,2021-2025
AIED,0.0,0.0,24.0,1.0,new_or_zero_in_base,,0.041666666666666664,1.0,24.0,2001-2005,2021-2025
AISTATS,3.0,0.0,279.0,13.0,present_both,0.0,0.04659498207885305,13.0,276.0,2001-2005,2021-2025
ALENEX,12.0,0.0,49.0,1.0,present_both,0.0,0.02040816326530612,1.0,37.0,2001-2005,2021-2025
APPROX/RANDOM,20.0,1.0,88.0,0.0,present_both,0.05,0.0,-1.0,68.0,2001-2005,2021-2025
ASE,92.0,4.0,281.0,14.0,present_both,0.043478260869565216,0.0498220640569395,10.0,189.0,2001-2005,2021-2025
ASIACRYPT,66.0,0.0,0.0,0.0,disappeared_or_zero_in_final,0.0,,0.0,-66.0,2001-2005,2021-2025
ASPLOS,6.0,1.0,21.0,2.0,present_both,0.16666666666666666,0.09523809523809523,1.0,15.0,2001-2005,2021-2025
ASSETS,30.0,0.0,126.0,2.0,present_both,0.0,0.015873015873015872,2.0,96.0,2001-2005,2021-2025
AsiaCCS,0.0,0.0,182.0,3.0,new_or_zero_in_base,,0.016483516483516484,3.0,182.0,2001-2005,2021-2025
BMVC,158.0,2.0,30.0,0.0,present_both,0.012658227848101266,0.0,-2.0,-128.0,2001-2005,2021-2025
BPM,0.0,0.0,127.0,8.0,new_or_zero_in_base,,0.06299212598425197,8.0,127.0,2001-2005,2021-2025
CADE,83.0,5.0,60.0,0.0,present_both,0.060240963855421686,0.0,-5.0,-23.0,2001-2005,2021-2025
CAV,106.0,3.0,0.0,0.0,disappeared_or_zero_in_final,0.02830188679245283,,-3.0,-106.0,2001-2005,2021-2025
CCC,36.0,3.0,53.0,1.0,present_both,0.08333333333333333,0.018867924528301886,-2.0,17.0,2001-2005,2021-2025
CCS,26.0,0.0,509.0,26.0,present_both,0.0,0.05108055009823183,26.0,483.0,2001-2005,2021-2025
CGO,8.0,2.0,48.0,2.0,present_both,0.25,0.041666666666666664,0.0,40.0,2001-2005,2021-2025
CHES,92.0,0.0,0.0,0.0,disappeared_or_zero_in_final,0.0,,0.0,-92.0,2001-2005,2021-2025
CHI,96.0,0.0,1559.0,27.0,present_both,0.0,0.01731879409878127,27.0,1463.0,2001-2005,2021-2025
CIDR,2.0,0.0,6.0,0.0,present_both,0.0,0.0,0.0,4.0,2001-2005,2021-2025
CIKM,102.0,1.0,574.0,20.0,present_both,0.00980392156862745,0.03484320557491289,19.0,472.0,2001-2005,2021-2025
COLT,57.0,6.0,9.0,0.0,present_both,0.10526315789473684,0.0,-6.0,-48.0,2001-2005,2021-2025
CP,331.0,39.0,157.0,6.0,present_both,0.11782477341389729,0.03821656050955414,-33.0,-174.0,2001-2005,2021-2025
CRYPTO,63.0,0.0,0.0,0.0,disappeared_or_zero_in_final,0.0,,0.0,-63.0,2001-2005,2021-2025
CSCW,25.0,0.0,0.0,0.0,disappeared_or_zero_in_final,0.0,,0.0,-25.0,2001-2005,2021-2025
CSF,0.0,0.0,135.0,5.0,new_or_zero_in_base,,0.037037037037037035,5.0,135.0,2001-2005,2021-2025
CVPR,0.0,0.0,2680.0,68.0,new_or_zero_in_base,,0.025373134328358207,68.0,2680.0,2001-2005,2021-2025
CaiSE,154.0,21.0,118.0,16.0,present_both,0.13636363636363635,0.13559322033898305,-5.0,-36.0,2001-2005,2021-2025
CoNEXT,50.0,1.0,29.0,4.0,present_both,0.02,0.13793103448275862,3.0,-21.0,2001-2005,2021-2025
DAC,167.0,5.0,269.0,4.0,present_both,0.029940119760479042,0.01486988847583643,-1.0,102.0,2001-2005,2021-2025
DATE,533.0,42.0,683.0,48.0,present_both,0.07879924953095685,0.07027818448023426,6.0,150.0,2001-2005,2021-2025
DIS,60.0,0.0,411.0,14.0,present_both,0.0,0.0340632603406326,14.0,351.0,2001-2005,2021-2025
DISC,50.0,5.0,128.0,4.0,present_both,0.1,0.03125,-1.0,78.0,2001-2005,2021-2025
DSN,142.0,6.0,80.0,4.0,present_both,0.04225352112676056,0.05,-2.0,-62.0,2001-2005,2021-2025
EACL,0.0,0.0,241.0,7.0,new_or_zero_in_base,,0.029045643153526972,7.0,241.0,2001-2005,2021-2025
EASE,0.0,0.0,258.0,12.0,new_or_zero_in_base,,0.046511627906976744,12.0,258.0,2001-2005,2021-2025
EC,22.0,0.0,198.0,6.0,present_both,0.0,0.030303030303030304,6.0,176.0,2001-2005,2021-2025
ECAI,113.0,15.0,819.0,58.0,present_both,0.13274336283185842,0.07081807081807082,43.0,706.0,2001-2005,2021-2025
ECCV,183.0,5.0,813.0,21.0,present_both,0.0273224043715847,0.025830258302583026,16.0,630.0,2001-2005,2021-2025
ECIR,123.0,16.0,0.0,0.0,disappeared_or_zero_in_final,0.13008130081300814,,-16.0,-123.0,2001-2005,2021-2025
ECML PKDD,135.0,3.0,0.0,0.0,disappeared_or_zero_in_final,0.022222222222222223,,-3.0,-135.0,2001-2005,2021-2025
ECOOP,32.0,1.0,121.0,1.0,present_both,0.03125,0.008264462809917356,0.0,89.0,2001-2005,2021-2025
EMNLP,12.0,1.0,824.0,29.0,present_both,0.08333333333333333,0.03519417475728155,28.0,812.0,2001-2005,2021-2025
ER,111.0,20.0,90.0,15.0,present_both,0.18018018018018017,0.16666666666666666,-5.0,-21.0,2001-2005,2021-2025
ESA,196.0,7.0,312.0,2.0,present_both,0.03571428571428571,0.00641025641025641,-5.0,116.0,2001-2005,2021-2025
ESEM,0.0,0.0,98.0,13.0,new_or_zero_in_base,,0.1326530612244898,13.0,98.0,2001-2005,2021-2025
ESOP,80.0,3.0,52.0,0.0,present_both,0.0375,0.0,-3.0,-28.0,2001-2005,2021-2025
ESORICS,41.0,1.0,0.0,0.0,disappeared_or_zero_in_final,0.024390243902439025,,-1.0,-41.0,2001-2005,2021-2025
EuroCrypt,55.0,0.0,0.0,0.0,disappeared_or_zero_in_final,0.0,,0.0,-55.0,2001-2005,2021-2025
EuroS&P,0.0,0.0,134.0,3.0,new_or_zero_in_base,,0.022388059701492536,3.0,134.0,2001-2005,2021-2025
EuroSys,0.0,0.0,78.0,3.0,new_or_zero_in_base,,0.038461538461538464,3.0,78.0,2001-2005,2021-2025
FAST,1.0,0.0,3.0,0.0,present_both,0.0,0.0,0.0,2.0,2001-2005,2021-2025
FC,36.0,1.0,61.0,8.0,present_both,0.027777777777777776,0.13114754098360656,7.0,25.0,2001-2005,2021-2025
FOCS,73.0,5.0,189.0,4.0,present_both,0.0684931506849315,0.021164021164021163,-1.0,116.0,2001-2005,2021-2025
FOGA,11.0,0.0,40.0,4.0,present_both,0.0,0.1,4.0,29.0,2001-2005,2021-2025
FPGA,51.0,4.0,42.0,2.0,present_both,0.0784313725490196,0.047619047619047616,-2.0,-9.0,2001-2005,2021-2025
FSE,14.0,1.0,0.0,0.0,disappeared_or_zero_in_final,0.07142857142857142,,-1.0,-14.0,2001-2005,2021-2025
GD,153.0,4.0,147.0,6.0,present_both,0.026143790849673203,0.04081632653061224,2.0,-6.0,2001-2005,2021-2025
GECCO,210.0,15.0,474.0,52.0,present_both,0.07142857142857142,0.10970464135021098,37.0,264.0,2001-2005,2021-2025
HPCA,26.0,13.0,76.0,18.0,present_both,0.5,0.23684210526315788,5.0,50.0,2001-2005,2021-2025
HPDC,33.0,1.0,51.0,12.0,present_both,0.030303030303030304,0.23529411764705882,11.0,18.0,2001-2005,2021-2025
HRI,0.0,0.0,281.0,9.0,new_or_zero_in_base,,0.03202846975088968,9.0,281.0,2001-2005,2021-2025
HotOS,14.0,0.0,22.0,0.0,present_both,0.0,0.0,0.0,8.0,2001-2005,2021-2025
ICALP,298.0,14.0,401.0,5.0,present_both,0.04697986577181208,0.012468827930174564,-9.0,103.0,2001-2005,2021-2025
ICAPS,0.0,0.0,34.0,4.0,new_or_zero_in_base,,0.11764705882352941,4.0,34.0,2001-2005,2021-2025
ICCAD,61.0,5.0,195.0,6.0,present_both,0.08196721311475409,0.03076923076923077,1.0,134.0,2001-2005,2021-2025
ICCV,146.0,5.0,960.0,26.0,present_both,0.03424657534246575,0.027083333333333334,21.0,814.0,2001-2005,2021-2025
ICDAR,190.0,8.0,0.0,0.0,disappeared_or_zero_in_final,0.042105263157894736,,-8.0,-190.0,2001-2005,2021-2025
ICDCS,59.0,2.0,120.0,6.0,present_both,0.03389830508474576,0.05,4.0,61.0,2001-2005,2021-2025
ICDE,104.0,1.0,390.0,19.0,present_both,0.009615384615384616,0.04871794871794872,18.0,286.0,2001-2005,2021-2025
ICDM,132.0,7.0,136.0,5.0,present_both,0.05303030303030303,0.03676470588235294,-2.0,4.0,2001-2005,2021-2025
ICDT,30.0,2.0,73.0,4.0,present_both,0.06666666666666667,0.0547945205479452,2.0,43.0,2001-2005,2021-2025
ICER,8.0,0.0,18.0,0.0,present_both,0.0,0.0,0.0,10.0,2001-2005,2021-2025
ICFP,59.0,1.0,0.0,0.0,disappeared_or_zero_in_final,0.01694915254237288,,-1.0,-59.0,2001-2005,2021-2025
ICLR,0.0,0.0,2286.0,61.0,new_or_zero_in_base,,0.02668416447944007,61.0,2286.0,2001-2005,2021-2025
ICME,374.0,28.0,211.0,10.0,present_both,0.0748663101604278,0.04739336492890995,-18.0,-163.0,2001-2005,2021-2025
ICML,78.0,4.0,2072.0,62.0,present_both,0.05128205128205128,0.029922779922779922,58.0,1994.0,2001-2005,2021-2025
ICPC,0.0,0.0,64.0,4.0,new_or_zero_in_base,,0.0625,4.0,64.0,2001-2005,2021-2025
ICRA,932.0,111.0,1975.0,84.0,present_both,0.11909871244635194,0.042531645569620254,-27.0,1043.0,2001-2005,2021-2025
ICS,49.0,18.0,46.0,9.0,present_both,0.3673469387755102,0.1956521739130435,-9.0,-3.0,2001-2005,2021-2025
ICSA,0.0,0.0,59.0,1.0,new_or_zero_in_base,,0.01694915254237288,1.0,59.0,2001-2005,2021-2025
ICSE,208.0,8.0,232.0,5.0,present_both,0.038461538461538464,0.021551724137931036,-3.0,24.0,2001-2005,2021-2025
ICSME,184.0,13.0,139.0,3.0,present_both,0.07065217391304347,0.02158273381294964,-10.0,-45.0,2001-2005,2021-2025
ICSOC,72.0,8.0,45.0,2.0,present_both,0.1111111111111111,0.044444444444444446,-6.0,-27.0,2001-2005,2021-2025
ICST,0.0,0.0,167.0,6.0,new_or_zero_in_base,,0.03592814371257485,6.0,167.0,2001-2005,2021-2025
ICWS,65.0,2.0,93.0,1.0,present_both,0.03076923076923077,0.010752688172043012,-1.0,28.0,2001-2005,2021-2025
ICWSM,0.0,0.0,159.0,14.0,new_or_zero_in_base,,0.0880503144654088,14.0,159.0,2001-2005,2021-2025
IEEE VIS,146.0,1.0,0.0,0.0,disappeared_or_zero_in_final,0.00684931506849315,,-1.0,-146.0,2001-2005,2021-2025
IJCAI,67.0,11.0,1138.0,48.0,present_both,0.16417910447761194,0.0421792618629174,37.0,1071.0,2001-2005,2021-2025
IJCAR,75.0,6.0,34.0,2.0,present_both,0.08,0.058823529411764705,-4.0,-41.0,2001-2005,2021-2025
IMC,0.0,0.0,125.0,24.0,new_or_zero_in_base,,0.192,24.0,125.0,2001-2005,2021-2025
INFOCOM,183.0,1.0,190.0,34.0,present_both,0.00546448087431694,0.17894736842105263,33.0,7.0,2001-2005,2021-2025
IPDPS,604.0,74.0,146.0,15.0,present_both,0.12251655629139073,0.10273972602739725,-59.0,-458.0,2001-2005,2021-2025
IROS,683.0,87.0,2012.0,87.0,present_both,0.1273792093704246,0.04324055666003976,0.0,1329.0,2001-2005,2021-2025
ISCA,18.0,8.0,69.0,13.0,present_both,0.4444444444444444,0.18840579710144928,5.0,51.0,2001-2005,2021-2025
ISLPED,48.0,4.0,42.0,1.0,present_both,0.08333333333333333,0.023809523809523808,-3.0,-6.0,2001-2005,2021-2025
ISMAR,82.0,1.0,229.0,7.0,present_both,0.012195121951219513,0.03056768558951965,6.0,147.0,2001-2005,2021-2025
ISMB,9.0,0.0,0.0,0.0,disappeared_or_zero_in_final,0.0,,0.0,-9.0,2001-2005,2021-2025
ISSRE,41.0,0.0,67.0,5.0,present_both,0.0,0.07462686567164178,5.0,26.0,2001-2005,2021-2025
ISSTA,16.0,0.0,88.0,7.0,present_both,0.0,0.07954545454545454,7.0,72.0,2001-2005,2021-2025
ISWC,143.0,7.0,100.0,5.0,present_both,0.04895104895104895,0.05,-2.0,-43.0,2001-2005,2021-2025
ITC,191.0,11.0,119.0,0.0,present_both,0.05759162303664921,0.0,-11.0,-72.0,2001-2005,2021-2025
ITCS,0.0,0.0,121.0,2.0,new_or_zero_in_base,,0.01652892561983471,2.0,121.0,2001-2005,2021-2025
IUI,113.0,4.0,119.0,2.0,present_both,0.035398230088495575,0.01680672268907563,-2.0,6.0,2001-2005,2021-2025
Interspeech,615.0,63.0,600.0,14.0,present_both,0.1024390243902439,0.023333333333333334,-49.0,-15.0,2001-2005,2021-2025
KDD,63.0,2.0,251.0,13.0,present_both,0.031746031746031744,0.05179282868525897,11.0,188.0,2001-2005,2021-2025
KR,10.0,0.0,294.0,18.0,present_both,0.0,0.061224489795918366,18.0,284.0,2001-2005,2021-2025
LAK,0.0,0.0,102.0,8.0,new_or_zero_in_base,,0.0784313725490196,8.0,102.0,2001-2005,2021-2025
LICS,129.0,6.0,323.0,9.0,present_both,0.046511627906976744,0.02786377708978328,3.0,194.0,2001-2005,2021-2025
MICCAI,532.0,21.0,1992.0,129.0,present_both,0.039473684210526314,0.06475903614457831,108.0,1460.0,2001-2005,2021-2025
MICRO,21.0,12.0,92.0,24.0,present_both,0.5714285714285714,0.2608695652173913,12.0,71.0,2001-2005,2021-2025
MMSys,0.0,0.0,134.0,6.0,new_or_zero_in_base,,0.04477611940298507,6.0,134.0,2001-2005,2021-2025
MOBICOM,19.0,0.0,153.0,20.0,present_both,0.0,0.13071895424836602,20.0,134.0,2001-2005,2021-2025
MODELS,0.0,0.0,104.0,20.0,new_or_zero_in_base,,0.19230769230769232,20.0,104.0,2001-2005,2021-2025
MSR,5.0,1.0,172.0,9.0,present_both,0.2,0.05232558139534884,8.0,167.0,2001-2005,2021-2025
MSWIM,65.0,5.0,146.0,45.0,present_both,0.07692307692307693,0.3082191780821918,40.0,81.0,2001-2005,2021-2025
Middleware,28.0,1.0,77.0,4.0,present_both,0.03571428571428571,0.05194805194805195,3.0,49.0,2001-2005,2021-2025
Mobisys,18.0,0.0,66.0,9.0,present_both,0.0,0.13636363636363635,9.0,48.0,2001-2005,2021-2025
NAACL,0.0,0.0,259.0,7.0,new_or_zero_in_base,,0.02702702702702703,7.0,259.0,2001-2005,2021-2025
NDSS,0.0,0.0,4.0,0.0,new_or_zero_in_base,,0.0,0.0,4.0,2001-2005,2021-2025
NeurIPS,45.0,1.0,2925.0,99.0,present_both,0.022222222222222223,0.033846153846153845,98.0,2880.0,2001-2005,2021-2025
OOPSLA,25.0,0.0,0.0,0.0,disappeared_or_zero_in_final,0.0,,0.0,-25.0,2001-2005,2021-2025
OSDI,0.0,0.0,0.0,0.0,present_both,,,0.0,0.0,2001-2005,2021-2025
PERCOM,37.0,2.0,49.0,2.0,present_both,0.05405405405405406,0.04081632653061224,0.0,12.0,2001-2005,2021-2025
PETS,0.0,0.0,302.0,14.0,new_or_zero_in_base,,0.046357615894039736,14.0,302.0,2001-2005,2021-2025
PLDI,23.0,3.0,53.0,1.0,present_both,0.13043478260869565,0.018867924528301886,-2.0,30.0,2001-2005,2021-2025
PODC,58.0,3.0,151.0,5.0,present_both,0.05172413793103448,0.033112582781456956,2.0,93.0,2001-2005,2021-2025
PODS,59.0,1.0,69.0,2.0,present_both,0.01694915254237288,0.028985507246376812,1.0,10.0,2001-2005,2021-2025
POPL,63.0,0.0,0.0,0.0,disappeared_or_zero_in_final,0.0,,0.0,-63.0,2001-2005,2021-2025
PPSN,151.0,27.0,0.0,0.0,disappeared_or_zero_in_final,0.17880794701986755,,-27.0,-151.0,2001-2005,2021-2025
RAID,12.0,0.0,73.0,2.0,present_both,0.0,0.0273972602739726,2.0,61.0,2001-2005,2021-2025
RE,97.0,9.0,174.0,12.0,present_both,0.09278350515463918,0.06896551724137931,3.0,77.0,2001-2005,2021-2025
RTAS,0.0,0.0,84.0,2.0,new_or_zero_in_base,,0.023809523809523808,2.0,84.0,2001-2005,2021-2025
RTSS,56.0,8.0,90.0,3.0,present_both,0.14285714285714285,0.03333333333333333,-5.0,34.0,2001-2005,2021-2025
RecSys,0.0,0.0,436.0,20.0,new_or_zero_in_base,,0.045871559633027525,20.0,436.0,2001-2005,2021-2025
SANER,76.0,3.0,147.0,8.0,present_both,0.039473684210526314,0.05442176870748299,5.0,71.0,2001-2005,2021-2025
SAT,47.0,3.0,116.0,12.0,present_both,0.06382978723404255,0.10344827586206896,9.0,69.0,2001-2005,2021-2025
SC,55.0,9.0,115.0,8.0,present_both,0.16363636363636364,0.06956521739130435,-1.0,60.0,2001-2005,2021-2025
SDM,24.0,1.0,69.0,1.0,present_both,0.041666666666666664,0.014492753623188406,0.0,45.0,2001-2005,2021-2025
SEAMS,0.0,0.0,101.0,5.0,new_or_zero_in_base,,0.04950495049504951,5.0,101.0,2001-2005,2021-2025
SIGCOMM,29.0,0.0,70.0,4.0,present_both,0.0,0.05714285714285714,4.0,41.0,2001-2005,2021-2025
SIGCSE,47.0,1.0,38.0,2.0,present_both,0.02127659574468085,0.05263157894736842,1.0,-9.0,2001-2005,2021-2025
SIGGRAPH,334.0,4.0,258.0,6.0,present_both,0.011976047904191617,0.023255813953488372,2.0,-76.0,2001-2005,2021-2025
SIGIR,162.0,7.0,597.0,30.0,present_both,0.043209876543209874,0.05025125628140704,23.0,435.0,2001-2005,2021-2025
SIGMETRICS,49.0,2.0,0.0,0.0,disappeared_or_zero_in_final,0.04081632653061224,,-2.0,-49.0,2001-2005,2021-2025
SIGMOD,105.0,2.0,116.0,0.0,present_both,0.01904761904761905,0.0,-2.0,11.0,2001-2005,2021-2025
SIGSPATIAL,34.0,0.0,162.0,3.0,present_both,0.0,0.018518518518518517,3.0,128.0,2001-2005,2021-2025
SODA,0.0,0.0,294.0,3.0,new_or_zero_in_base,,0.01020408163265306,3.0,294.0,2001-2005,2021-2025
SOSP,11.0,0.0,32.0,0.0,present_both,0.0,0.0,0.0,21.0,2001-2005,2021-2025
SOUPS,1.0,0.0,0.0,0.0,disappeared_or_zero_in_final,0.0,,0.0,-1.0,2001-2005,2021-2025
SP,17.0,0.0,0.0,0.0,disappeared_or_zero_in_final,0.0,,0.0,-17.0,2001-2005,2021-2025
STACS,196.0,7.0,212.0,3.0,present_both,0.03571428571428571,0.014150943396226415,-4.0,16.0,2001-2005,2021-2025
STOC,89.0,0.0,230.0,3.0,present_both,0.0,0.013043478260869565,3.0,141.0,2001-2005,2021-2025
SiggraphA,0.0,0.0,234.0,7.0,new_or_zero_in_base,,0.029914529914529916,7.0,234.0,2001-2005,2021-2025
SoCG,0.0,0.0,194.0,4.0,new_or_zero_in_base,,0.020618556701030927,4.0,194.0,2001-2005,2021-2025
TACAS,113.0,0.0,0.0,0.0,disappeared_or_zero_in_final,0.0,,0.0,-113.0,2001-2005,2021-2025
UAI,6.0,0.0,163.0,7.0,present_both,0.0,0.04294478527607362,7.0,157.0,2001-2005,2021-2025
UIST,18.0,0.0,119.0,4.0,present_both,0.0,0.03361344537815126,4.0,101.0,2001-2005,2021-2025
UMAP,0.0,0.0,145.0,11.0,new_or_zero_in_base,,0.07586206896551724,11.0,145.0,2001-2005,2021-2025
USENIX,0.0,0.0,1.0,0.0,new_or_zero_in_base,,0.0,0.0,1.0,2001-2005,2021-2025
USENIX-Security,1.0,0.0,36.0,1.0,present_both,0.0,0.027777777777777776,1.0,35.0,2001-2005,2021-2025
VLDB,100.0,2.0,601.0,12.0,present_both,0.02,0.019966722129783693,10.0,501.0,2001-2005,2021-2025
VR,65.0,1.0,148.0,6.0,present_both,0.015384615384615385,0.04054054054054054,5.0,83.0,2001-2005,2021-2025
WACV,11.0,0.0,1011.0,27.0,present_both,0.0,0.026706231454005934,27.0,1000.0,2001-2005,2021-2025
WSDM,0.0,0.0,146.0,8.0,new_or_zero_in_base,,0.0547945205479452,8.0,146.0,2001-2005,2021-2025
WWW,107.0,4.0,325.0,22.0,present_both,0.037383177570093455,0.06769230769230769,18.0,218.0,2001-2005,2021-2025
AAAI,83.0,4.0,2373.0,78.0,present_both,0.04819277108433735,0.03286978508217446,74.0,2290.0,2006-2010,2021-2025
AAMAS,212.0,19.0,33.0,7.0,present_both,0.08962264150943396,0.21212121212121213,-12.0,-179.0,2006-2010,2021-2025
ACL,48.0,1.0,503.0,20.0,present_both,0.020833333333333332,0.039761431411530816,19.0,455.0,2006-2010,2021-2025
ACMMM,375.0,25.0,541.0,16.0,present_both,0.06666666666666667,0.029574861367837338,-9.0,166.0,2006-2010,2021-2025
ACSAC,41.0,1.0,120.0,8.0,present_both,0.024390243902439025,0.06666666666666667,7.0,79.0,2006-2010,2021-2025
AIED,62.0,7.0,24.0,1.0,present_both,0.11290322580645161,0.041666666666666664,-6.0,-38.0,2006-2010,2021-2025
AISTATS,0.0,0.0,279.0,13.0,new_or_zero_in_base,,0.04659498207885305,13.0,279.0,2006-2010,2021-2025
ALENEX,38.0,0.0,49.0,1.0,present_both,0.0,0.02040816326530612,1.0,11.0,2006-2010,2021-2025
APPROX/RANDOM,49.0,0.0,88.0,0.0,present_both,0.0,0.0,0.0,39.0,2006-2010,2021-2025
ASE,152.0,8.0,281.0,14.0,present_both,0.05263157894736842,0.0498220640569395,6.0,129.0,2006-2010,2021-2025
ASIACRYPT,89.0,1.0,0.0,0.0,disappeared_or_zero_in_final,0.011235955056179775,,-1.0,-89.0,2006-2010,2021-2025
ASPLOS,15.0,2.0,21.0,2.0,present_both,0.13333333333333333,0.09523809523809523,0.0,6.0,2006-2010,2021-2025
ASSETS,83.0,4.0,126.0,2.0,present_both,0.04819277108433735,0.015873015873015872,-2.0,43.0,2006-2010,2021-2025
AsiaCCS,0.0,0.0,182.0,3.0,new_or_zero_in_base,,0.016483516483516484,3.0,182.0,2006-2010,2021-2025
BMVC,301.0,10.0,30.0,0.0,present_both,0.03322259136212625,0.0,-10.0,-271.0,2006-2010,2021-2025
BPM,78.0,4.0,127.0,8.0,present_both,0.05128205128205128,0.06299212598425197,4.0,49.0,2006-2010,2021-2025
CADE,48.0,1.0,60.0,0.0,present_both,0.020833333333333332,0.0,-1.0,12.0,2006-2010,2021-2025
CAV,150.0,4.0,0.0,0.0,disappeared_or_zero_in_final,0.02666666666666667,,-4.0,-150.0,2006-2010,2021-2025
CCC,33.0,2.0,53.0,1.0,present_both,0.06060606060606061,0.018867924528301886,-1.0,20.0,2006-2010,2021-2025
CCS,68.0,3.0,509.0,26.0,present_both,0.04411764705882353,0.05108055009823183,23.0,441.0,2006-2010,2021-2025
CGO,29.0,2.0,48.0,2.0,present_both,0.06896551724137931,0.041666666666666664,0.0,19.0,2006-2010,2021-2025
CHES,105.0,0.0,0.0,0.0,disappeared_or_zero_in_final,0.0,,0.0,-105.0,2006-2010,2021-2025
CHI,332.0,1.0,1559.0,27.0,present_both,0.0030120481927710845,0.01731879409878127,26.0,1227.0,2006-2010,2021-2025
CIDR,2.0,0.0,6.0,0.0,present_both,0.0,0.0,0.0,4.0,2006-2010,2021-2025
CIKM,303.0,36.0,574.0,20.0,present_both,0.1188118811881188,0.03484320557491289,-16.0,271.0,2006-2010,2021-2025
COLT,41.0,1.0,9.0,0.0,present_both,0.024390243902439025,0.0,-1.0,-32.0,2006-2010,2021-2025
CP,194.0,14.0,157.0,6.0,present_both,0.07216494845360824,0.03821656050955414,-8.0,-37.0,2006-2010,2021-2025
CRYPTO,79.0,4.0,0.0,0.0,disappeared_or_zero_in_final,0.05063291139240506,,-4.0,-79.0,2006-2010,2021-2025
CSCW,39.0,0.0,0.0,0.0,disappeared_or_zero_in_final,0.0,,0.0,-39.0,2006-2010,2021-2025
CSF,53.0,3.0,135.0,5.0,present_both,0.05660377358490566,0.037037037037037035,2.0,82.0,2006-2010,2021-2025
CVPR,518.0,32.0,2680.0,68.0,present_both,0.06177606177606178,0.025373134328358207,36.0,2162.0,2006-2010,2021-2025
CaiSE,156.0,23.0,118.0,16.0,present_both,0.14743589743589744,0.13559322033898305,-7.0,-38.0,2006-2010,2021-2025
CoNEXT,124.0,11.0,29.0,4.0,present_both,0.08870967741935484,0.13793103448275862,-7.0,-95.0,2006-2010,2021-2025
DAC,173.0,14.0,269.0,4.0,present_both,0.08092485549132948,0.01486988847583643,-10.0,96.0,2006-2010,2021-2025
DATE,709.0,40.0,683.0,48.0,present_both,0.056417489421720736,0.07027818448023426,8.0,-26.0,2006-2010,2021-2025
DIS,77.0,2.0,411.0,14.0,present_both,0.025974025974025976,0.0340632603406326,12.0,334.0,2006-2010,2021-2025
DISC,115.0,8.0,128.0,4.0,present_both,0.06956521739130435,0.03125,-4.0,13.0,2006-2010,2021-2025
DSN,129.0,8.0,80.0,4.0,present_both,0.06201550387596899,0.05,-4.0,-49.0,2006-2010,2021-2025
EACL,6.0,0.0,241.0,7.0,present_both,0.0,0.029045643153526972,7.0,235.0,2006-2010,2021-2025
EASE,10.0,0.0,258.0,12.0,present_both,0.0,0.046511627906976744,12.0,248.0,2006-2010,2021-2025
EC,30.0,0.0,198.0,6.0,present_both,0.0,0.030303030303030304,6.0,168.0,2006-2010,2021-2025
ECAI,360.0,35.0,819.0,58.0,present_both,0.09722222222222222,0.07081807081807082,23.0,459.0,2006-2010,2021-2025
ECCV,268.0,10.0,813.0,21.0,present_both,0.03731343283582089,0.025830258302583026,11.0,545.0,2006-2010,2021-2025
ECIR,287.0,28.0,0.0,0.0,disappeared_or_zero_in_final,0.0975609756097561,,-28.0,-287.0,2006-2010,2021-2025
ECML PKDD,63.0,3.0,0.0,0.0,disappeared_or_zero_in_final,0.047619047619047616,,-3.0,-63.0,2006-2010,2021-2025
ECOOP,59.0,0.0,121.0,1.0,present_both,0.0,0.008264462809917356,1.0,62.0,2006-2010,2021-2025
EMNLP,7.0,0.0,824.0,29.0,present_both,0.0,0.03519417475728155,29.0,817.0,2006-2010,2021-2025
ER,133.0,25.0,90.0,15.0,present_both,0.18796992481203006,0.16666666666666666,-10.0,-43.0,2006-2010,2021-2025
ESA,157.0,4.0,312.0,2.0,present_both,0.025477707006369428,0.00641025641025641,-2.0,155.0,2006-2010,2021-2025
ESEM,132.0,17.0,98.0,13.0,present_both,0.12878787878787878,0.1326530612244898,-4.0,-34.0,2006-2010,2021-2025
ESOP,91.0,3.0,52.0,0.0,present_both,0.03296703296703297,0.0,-3.0,-39.0,2006-2010,2021-2025
ESORICS,100.0,9.0,0.0,0.0,disappeared_or_zero_in_final,0.09,,-9.0,-100.0,2006-2010,2021-2025
EuroCrypt,86.0,5.0,0.0,0.0,disappeared_or_zero_in_final,0.05813953488372093,,-5.0,-86.0,2006-2010,2021-2025
EuroS&P,0.0,0.0,134.0,3.0,new_or_zero_in_base,,0.022388059701492536,3.0,134.0,2006-2010,2021-2025
EuroSys,38.0,1.0,78.0,3.0,present_both,0.02631578947368421,0.038461538461538464,2.0,40.0,2006-2010,2021-2025
FAST,1.0,0.0,3.0,0.0,present_both,0.0,0.0,0.0,2.0,2006-2010,2021-2025
FC,62.0,4.0,61.0,8.0,present_both,0.06451612903225806,0.13114754098360656,4.0,-1.0,2006-2010,2021-2025
FOCS,74.0,2.0,189.0,4.0,present_both,0.02702702702702703,0.021164021164021163,2.0,115.0,2006-2010,2021-2025
FOGA,22.0,0.0,40.0,4.0,present_both,0.0,0.1,4.0,18.0,2006-2010,2021-2025
FPGA,51.0,0.0,42.0,2.0,present_both,0.0,0.047619047619047616,2.0,-9.0,2006-2010,2021-2025
FSE,19.0,0.0,0.0,0.0,disappeared_or_zero_in_final,0.0,,0.0,-19.0,2006-2010,2021-2025
GD,148.0,3.0,147.0,6.0,present_both,0.02027027027027027,0.04081632653061224,3.0,-1.0,2006-2010,2021-2025
GECCO,744.0,98.0,474.0,52.0,present_both,0.13172043010752688,0.10970464135021098,-46.0,-270.0,2006-2010,2021-2025
HPCA,23.0,9.0,76.0,18.0,present_both,0.391304347826087,0.23684210526315788,9.0,53.0,2006-2010,2021-2025
HPDC,80.0,6.0,51.0,12.0,present_both,0.075,0.23529411764705882,6.0,-29.0,2006-2010,2021-2025
HRI,85.0,3.0,281.0,9.0,present_both,0.03529411764705882,0.03202846975088968,6.0,196.0,2006-2010,2021-2025
HotOS,0.0,0.0,22.0,0.0,new_or_zero_in_base,,0.0,0.0,22.0,2006-2010,2021-2025
ICALP,48.0,2.0,401.0,5.0,present_both,0.041666666666666664,0.012468827930174564,3.0,353.0,2006-2010,2021-2025
ICAPS,3.0,0.0,34.0,4.0,present_both,0.0,0.11764705882352941,4.0,31.0,2006-2010,2021-2025
ICCAD,74.0,11.0,195.0,6.0,present_both,0.14864864864864866,0.03076923076923077,-5.0,121.0,2006-2010,2021-2025
ICCV,229.0,8.0,960.0,26.0,present_both,0.034934497816593885,0.027083333333333334,18.0,731.0,2006-2010,2021-2025
ICDAR,219.0,31.0,0.0,0.0,disappeared_or_zero_in_final,0.1415525114155251,,-31.0,-219.0,2006-2010,2021-2025
ICDCS,68.0,6.0,120.0,6.0,present_both,0.08823529411764706,0.05,0.0,52.0,2006-2010,2021-2025
ICDE,224.0,6.0,390.0,19.0,present_both,0.026785714285714284,0.04871794871794872,13.0,166.0,2006-2010,2021-2025
ICDM,148.0,4.0,136.0,5.0,present_both,0.02702702702702703,0.03676470588235294,1.0,-12.0,2006-2010,2021-2025
ICDT,43.0,2.0,73.0,4.0,present_both,0.046511627906976744,0.0547945205479452,2.0,30.0,2006-2010,2021-2025
ICER,30.0,0.0,18.0,0.0,present_both,0.0,0.0,0.0,-12.0,2006-2010,2021-2025
ICFP,88.0,2.0,0.0,0.0,disappeared_or_zero_in_final,0.022727272727272728,,-2.0,-88.0,2006-2010,2021-2025
ICLR,0.0,0.0,2286.0,61.0,new_or_zero_in_base,,0.02668416447944007,61.0,2286.0,2006-2010,2021-2025
ICME,477.0,30.0,211.0,10.0,present_both,0.06289308176100629,0.04739336492890995,-20.0,-266.0,2006-2010,2021-2025
ICML,180.0,5.0,2072.0,62.0,present_both,0.027777777777777776,0.029922779922779922,57.0,1892.0,2006-2010,2021-2025
ICPC,80.0,1.0,64.0,4.0,present_both,0.0125,0.0625,3.0,-16.0,2006-2010,2021-2025
ICRA,1219.0,137.0,1975.0,84.0,present_both,0.11238720262510254,0.042531645569620254,-53.0,756.0,2006-2010,2021-2025
ICS,52.0,18.0,46.0,9.0,present_both,0.34615384615384615,0.1956521739130435,-9.0,-6.0,2006-2010,2021-2025
ICSA,0.0,0.0,59.0,1.0,new_or_zero_in_base,,0.01694915254237288,1.0,59.0,2006-2010,2021-2025
ICSE,159.0,8.0,232.0,5.0,present_both,0.050314465408805034,0.021551724137931036,-3.0,73.0,2006-2010,2021-2025
ICSME,146.0,7.0,139.0,3.0,present_both,0.04794520547945205,0.02158273381294964,-4.0,-7.0,2006-2010,2021-2025
ICSOC,139.0,12.0,45.0,2.0,present_both,0.08633093525179857,0.044444444444444446,-10.0,-94.0,2006-2010,2021-2025
ICST,89.0,5.0,167.0,6.0,present_both,0.056179775280898875,0.03592814371257485,1.0,78.0,2006-2010,2021-2025
ICWS,236.0,14.0,93.0,1.0,present_both,0.059322033898305086,0.010752688172043012,-13.0,-143.0,2006-2010,2021-2025
ICWSM,2.0,0.0,159.0,14.0,present_both,0.0,0.0880503144654088,14.0,157.0,2006-2010,2021-2025
IJCAI,45.0,6.0,1138.0,48.0,present_both,0.13333333333333333,0.0421792618629174,42.0,1093.0,2006-2010,2021-2025
IJCAR,106.0,3.0,34.0,2.0,present_both,0.02830188679245283,0.058823529411764705,-1.0,-72.0,2006-2010,2021-2025
IMC,0.0,0.0,125.0,24.0,new_or_zero_in_base,,0.192,24.0,125.0,2006-2010,2021-2025
INFOCOM,344.0,19.0,190.0,34.0,present_both,0.055232558139534885,0.17894736842105263,15.0,-154.0,2006-2010,2021-2025
IPDPS,665.0,86.0,146.0,15.0,present_both,0.1293233082706767,0.10273972602739725,-71.0,-519.0,2006-2010,2021-2025
IROS,1446.0,156.0,2012.0,87.0,present_both,0.1078838174273859,0.04324055666003976,-69.0,566.0,2006-2010,2021-2025
ISCA,17.0,8.0,69.0,13.0,present_both,0.47058823529411764,0.18840579710144928,5.0,52.0,2006-2010,2021-2025
ISLPED,53.0,6.0,42.0,1.0,present_both,0.11320754716981132,0.023809523809523808,-5.0,-11.0,2006-2010,2021-2025
ISMAR,124.0,2.0,229.0,7.0,present_both,0.016129032258064516,0.03056768558951965,5.0,105.0,2006-2010,2021-2025
ISMB,14.0,0.0,0.0,0.0,disappeared_or_zero_in_final,0.0,,0.0,-14.0,2006-2010,2021-2025
ISSRE,48.0,1.0,67.0,5.0,present_both,0.020833333333333332,0.07462686567164178,4.0,19.0,2006-2010,2021-2025
ISSTA,28.0,0.0,88.0,7.0,present_both,0.0,0.07954545454545454,7.0,60.0,2006-2010,2021-2025
ISWC,137.0,5.0,100.0,5.0,present_both,0.0364963503649635,0.05,0.0,-37.0,2006-2010,2021-2025
ITC,115.0,4.0,119.0,0.0,present_both,0.034782608695652174,0.0,-4.0,4.0,2006-2010,2021-2025
ITCS,0.0,0.0,121.0,2.0,new_or_zero_in_base,,0.01652892561983471,2.0,121.0,2006-2010,2021-2025
IUI,137.0,10.0,119.0,2.0,present_both,0.072992700729927,0.01680672268907563,-8.0,-18.0,2006-2010,2021-2025
Interspeech,1159.0,106.0,600.0,14.0,present_both,0.091458153580673,0.023333333333333334,-92.0,-559.0,2006-2010,2021-2025
KDD,118.0,13.0,251.0,13.0,present_both,0.11016949152542373,0.05179282868525897,0.0,133.0,2006-2010,2021-2025
KR,20.0,2.0,294.0,18.0,present_both,0.1,0.061224489795918366,16.0,274.0,2006-2010,2021-2025
LAK,0.0,0.0,102.0,8.0,new_or_zero_in_base,,0.0784313725490196,8.0,102.0,2006-2010,2021-2025
LICS,168.0,7.0,323.0,9.0,present_both,0.041666666666666664,0.02786377708978328,2.0,155.0,2006-2010,2021-2025
MICCAI,604.0,38.0,1992.0,129.0,present_both,0.06291390728476821,0.06475903614457831,91.0,1388.0,2006-2010,2021-2025
MICRO,33.0,15.0,92.0,24.0,present_both,0.45454545454545453,0.2608695652173913,9.0,59.0,2006-2010,2021-2025
MMSys,8.0,0.0,134.0,6.0,present_both,0.0,0.04477611940298507,6.0,126.0,2006-2010,2021-2025
MOBICOM,24.0,1.0,153.0,20.0,present_both,0.041666666666666664,0.13071895424836602,19.0,129.0,2006-2010,2021-2025
MODELS,151.0,16.0,104.0,20.0,present_both,0.10596026490066225,0.19230769230769232,4.0,-47.0,2006-2010,2021-2025
MSR,60.0,11.0,172.0,9.0,present_both,0.18333333333333332,0.05232558139534884,-2.0,112.0,2006-2010,2021-2025
MSWIM,141.0,9.0,146.0,45.0,present_both,0.06382978723404255,0.3082191780821918,36.0,5.0,2006-2010,2021-2025
Middleware,30.0,2.0,77.0,4.0,present_both,0.06666666666666667,0.05194805194805195,2.0,47.0,2006-2010,2021-2025
Mobisys,15.0,0.0,66.0,9.0,present_both,0.0,0.13636363636363635,9.0,51.0,2006-2010,2021-2025
NAACL,0.0,0.0,259.0,7.0,new_or_zero_in_base,,0.02702702702702703,7.0,259.0,2006-2010,2021-2025
NDSS,3.0,0.0,4.0,0.0,present_both,0.0,0.0,0.0,1.0,2006-2010,2021-2025
NeurIPS,64.0,3.0,2925.0,99.0,present_both,0.046875,0.033846153846153845,96.0,2861.0,2006-2010,2021-2025
OOPSLA,53.0,0.0,0.0,0.0,disappeared_or_zero_in_final,0.0,,0.0,-53.0,2006-2010,2021-2025
OSDI,0.0,0.0,0.0,0.0,present_both,,,0.0,0.0,2006-2010,2021-2025
PERCOM,122.0,5.0,49.0,2.0,present_both,0.040983606557377046,0.04081632653061224,-3.0,-73.0,2006-2010,2021-2025
PETS,0.0,0.0,302.0,14.0,new_or_zero_in_base,,0.046357615894039736,14.0,302.0,2006-2010,2021-2025
PLDI,26.0,2.0,53.0,1.0,present_both,0.07692307692307693,0.018867924528301886,-1.0,27.0,2006-2010,2021-2025
PODC,140.0,8.0,151.0,5.0,present_both,0.05714285714285714,0.033112582781456956,-3.0,11.0,2006-2010,2021-2025
PODS,78.0,3.0,69.0,2.0,present_both,0.038461538461538464,0.028985507246376812,-1.0,-9.0,2006-2010,2021-2025
POPL,93.0,1.0,0.0,0.0,disappeared_or_zero_in_final,0.010752688172043012,,-1.0,-93.0,2006-2010,2021-2025
PPSN,159.0,29.0,0.0,0.0,disappeared_or_zero_in_final,0.18238993710691823,,-29.0,-159.0,2006-2010,2021-2025
RAID,41.0,0.0,73.0,2.0,present_both,0.0,0.0273972602739726,2.0,32.0,2006-2010,2021-2025
RE,162.0,15.0,174.0,12.0,present_both,0.09259259259259259,0.06896551724137931,-3.0,12.0,2006-2010,2021-2025
RTAS,0.0,0.0,84.0,2.0,new_or_zero_in_base,,0.023809523809523808,2.0,84.0,2006-2010,2021-2025
RTSS,73.0,3.0,90.0,3.0,present_both,0.0410958904109589,0.03333333333333333,0.0,17.0,2006-2010,2021-2025
RecSys,132.0,16.0,436.0,20.0,present_both,0.12121212121212122,0.045871559633027525,4.0,304.0,2006-2010,2021-2025
SANER,109.0,5.0,147.0,8.0,present_both,0.045871559633027525,0.05442176870748299,3.0,38.0,2006-2010,2021-2025
SAT,104.0,21.0,116.0,12.0,present_both,0.20192307692307693,0.10344827586206896,-9.0,12.0,2006-2010,2021-2025
SC,50.0,7.0,115.0,8.0,present_both,0.14,0.06956521739130435,1.0,65.0,2006-2010,2021-2025
SDM,76.0,3.0,69.0,1.0,present_both,0.039473684210526314,0.014492753623188406,-2.0,-7.0,2006-2010,2021-2025
SEAMS,0.0,0.0,101.0,5.0,new_or_zero_in_base,,0.04950495049504951,5.0,101.0,2006-2010,2021-2025
SIGCOMM,42.0,3.0,70.0,4.0,present_both,0.07142857142857142,0.05714285714285714,1.0,28.0,2006-2010,2021-2025
SIGCSE,48.0,1.0,38.0,2.0,present_both,0.020833333333333332,0.05263157894736842,1.0,-10.0,2006-2010,2021-2025
SIGGRAPH,538.0,22.0,258.0,6.0,present_both,0.040892193308550186,0.023255813953488372,-16.0,-280.0,2006-2010,2021-2025
SIGIR,358.0,47.0,597.0,30.0,present_both,0.13128491620111732,0.05025125628140704,-17.0,239.0,2006-2010,2021-2025
SIGMETRICS,43.0,2.0,0.0,0.0,disappeared_or_zero_in_final,0.046511627906976744,,-2.0,-43.0,2006-2010,2021-2025
SIGMOD,112.0,1.0,116.0,0.0,present_both,0.008928571428571428,0.0,-1.0,4.0,2006-2010,2021-2025
SIGSPATIAL,123.0,7.0,162.0,3.0,present_both,0.056910569105691054,0.018518518518518517,-4.0,39.0,2006-2010,2021-2025
SODA,47.0,0.0,294.0,3.0,present_both,0.0,0.01020408163265306,3.0,247.0,2006-2010,2021-2025
SOSP,7.0,0.0,32.0,0.0,present_both,0.0,0.0,0.0,25.0,2006-2010,2021-2025
SOUPS,25.0,0.0,0.0,0.0,disappeared_or_zero_in_final,0.0,,0.0,-25.0,2006-2010,2021-2025
SP,27.0,0.0,0.0,0.0,disappeared_or_zero_in_final,0.0,,0.0,-27.0,2006-2010,2021-2025
STACS,164.0,6.0,212.0,3.0,present_both,0.036585365853658534,0.014150943396226415,-3.0,48.0,2006-2010,2021-2025
STOC,69.0,1.0,230.0,3.0,present_both,0.014492753623188406,0.013043478260869565,2.0,161.0,2006-2010,2021-2025
SiggraphA,69.0,3.0,234.0,7.0,present_both,0.043478260869565216,0.029914529914529916,4.0,165.0,2006-2010,2021-2025
SoCG,0.0,0.0,194.0,4.0,new_or_zero_in_base,,0.020618556701030927,4.0,194.0,2006-2010,2021-2025
TACAS,117.0,0.0,0.0,0.0,disappeared_or_zero_in_final,0.0,,0.0,-117.0,2006-2010,2021-2025
UAI,3.0,0.0,163.0,7.0,present_both,0.0,0.04294478527607362,7.0,160.0,2006-2010,2021-2025
UIST,38.0,0.0,119.0,4.0,present_both,0.0,0.03361344537815126,4.0,81.0,2006-2010,2021-2025
UMAP,49.0,6.0,145.0,11.0,present_both,0.12244897959183673,0.07586206896551724,5.0,96.0,2006-2010,2021-2025
USENIX,0.0,0.0,1.0,0.0,new_or_zero_in_base,,0.0,0.0,1.0,2006-2010,2021-2025
USENIX-Security,3.0,0.0,36.0,1.0,present_both,0.0,0.027777777777777776,1.0,33.0,2006-2010,2021-2025
VLDB,177.0,10.0,601.0,12.0,present_both,0.05649717514124294,0.019966722129783693,2.0,424.0,2006-2010,2021-2025
VR,118.0,5.0,148.0,6.0,present_both,0.0423728813559322,0.04054054054054054,1.0,30.0,2006-2010,2021-2025
WACV,38.0,2.0,1011.0,27.0,present_both,0.05263157894736842,0.026706231454005934,25.0,973.0,2006-2010,2021-2025
WSDM,34.0,7.0,146.0,8.0,present_both,0.20588235294117646,0.0547945205479452,1.0,112.0,2006-2010,2021-2025
WWW,312.0,41.0,325.0,22.0,present_both,0.13141025641025642,0.06769230769230769,-19.0,13.0,2006-2010,2021-2025
AAAI,534.0,22.0,2373.0,78.0,present_both,0.04119850187265917,0.03286978508217446,56.0,1839.0,2011-2015,2021-2025
AAMAS,25.0,1.0,33.0,7.0,present_both,0.04,0.21212121212121213,6.0,8.0,2011-2015,2021-2025
ACL,156.0,8.0,503.0,20.0,present_both,0.05128205128205128,0.039761431411530816,12.0,347.0,2011-2015,2021-2025
ACMMM,415.0,24.0,541.0,16.0,present_both,0.05783132530120482,0.029574861367837338,-8.0,126.0,2011-2015,2021-2025
ACSAC,73.0,1.0,120.0,8.0,present_both,0.0136986301369863,0.06666666666666667,7.0,47.0,2011-2015,2021-2025
AIED,110.0,17.0,24.0,1.0,present_both,0.15454545454545454,0.041666666666666664,-16.0,-86.0,2011-2015,2021-2025
AISTATS,13.0,0.0,279.0,13.0,present_both,0.0,0.04659498207885305,13.0,266.0,2011-2015,2021-2025
ALENEX,43.0,1.0,49.0,1.0,present_both,0.023255813953488372,0.02040816326530612,0.0,6.0,2011-2015,2021-2025
APPROX/RANDOM,46.0,2.0,88.0,0.0,present_both,0.043478260869565216,0.0,-2.0,42.0,2011-2015,2021-2025
ASE,189.0,9.0,281.0,14.0,present_both,0.047619047619047616,0.0498220640569395,5.0,92.0,2011-2015,2021-2025
ASIACRYPT,52.0,3.0,0.0,0.0,disappeared_or_zero_in_final,0.057692307692307696,,-3.0,-52.0,2011-2015,2021-2025
ASPLOS,26.0,4.0,21.0,2.0,present_both,0.15384615384615385,0.09523809523809523,-2.0,-5.0,2011-2015,2021-2025
ASSETS,145.0,14.0,126.0,2.0,present_both,0.09655172413793103,0.015873015873015872,-12.0,-19.0,2011-2015,2021-2025
AsiaCCS,0.0,0.0,182.0,3.0,new_or_zero_in_base,,0.016483516483516484,3.0,182.0,2011-2015,2021-2025
BMVC,281.0,21.0,30.0,0.0,present_both,0.07473309608540925,0.0,-21.0,-251.0,2011-2015,2021-2025
BPM,112.0,10.0,127.0,8.0,present_both,0.08928571428571429,0.06299212598425197,-2.0,15.0,2011-2015,2021-2025
CADE,85.0,5.0,60.0,0.0,present_both,0.058823529411764705,0.0,-5.0,-25.0,2011-2015,2021-2025
CAV,148.0,10.0,0.0,0.0,disappeared_or_zero_in_final,0.06756756756756757,,-10.0,-148.0,2011-2015,2021-2025
CCC,32.0,3.0,53.0,1.0,present_both,0.09375,0.018867924528301886,-2.0,21.0,2011-2015,2021-2025
CCS,199.0,15.0,509.0,26.0,present_both,0.07537688442211055,0.05108055009823183,11.0,310.0,2011-2015,2021-2025
CGO,23.0,0.0,48.0,2.0,present_both,0.0,0.041666666666666664,2.0,25.0,2011-2015,2021-2025
CHES,114.0,1.0,0.0,0.0,disappeared_or_zero_in_final,0.008771929824561403,,-1.0,-114.0,2011-2015,2021-2025
CHI,841.0,19.0,1559.0,27.0,present_both,0.022592152199762187,0.01731879409878127,8.0,718.0,2011-2015,2021-2025
CIDR,5.0,0.0,6.0,0.0,present_both,0.0,0.0,0.0,1.0,2011-2015,2021-2025
CIKM,524.0,65.0,574.0,20.0,present_both,0.12404580152671756,0.03484320557491289,-45.0,50.0,2011-2015,2021-2025
COLT,17.0,1.0,9.0,0.0,present_both,0.058823529411764705,0.0,-1.0,-8.0,2011-2015,2021-2025
CP,215.0,19.0,157.0,6.0,present_both,0.08837209302325581,0.03821656050955414,-13.0,-58.0,2011-2015,2021-2025
CRYPTO,32.0,2.0,0.0,0.0,disappeared_or_zero_in_final,0.0625,,-2.0,-32.0,2011-2015,2021-2025
CSCW,148.0,9.0,0.0,0.0,disappeared_or_zero_in_final,0.060810810810810814,,-9.0,-148.0,2011-2015,2021-2025
CSF,95.0,10.0,135.0,5.0,present_both,0.10526315789473684,0.037037037037037035,-5.0,40.0,2011-2015,2021-2025
CVPR,757.0,49.0,2680.0,68.0,present_both,0.06472919418758256,0.025373134328358207,19.0,1923.0,2011-2015,2021-2025
CaiSE,177.0,21.0,118.0,16.0,present_both,0.11864406779661017,0.13559322033898305,-5.0,-59.0,2011-2015,2021-2025
CoNEXT,72.0,22.0,29.0,4.0,present_both,0.3055555555555556,0.13793103448275862,-18.0,-43.0,2011-2015,2021-2025
DAC,222.0,13.0,269.0,4.0,present_both,0.05855855855855856,0.01486988847583643,-9.0,47.0,2011-2015,2021-2025
DATE,759.0,43.0,683.0,48.0,present_both,0.05665349143610013,0.07027818448023426,5.0,-76.0,2011-2015,2021-2025
DIS,117.0,1.0,411.0,14.0,present_both,0.008547008547008548,0.0340632603406326,13.0,294.0,2011-2015,2021-2025
DISC,98.0,10.0,128.0,4.0,present_both,0.10204081632653061,0.03125,-6.0,30.0,2011-2015,2021-2025
DSN,110.0,2.0,80.0,4.0,present_both,0.01818181818181818,0.05,2.0,-30.0,2011-2015,2021-2025
EACL,103.0,10.0,241.0,7.0,present_both,0.0970873786407767,0.029045643153526972,-3.0,138.0,2011-2015,2021-2025
EASE,111.0,20.0,258.0,12.0,present_both,0.18018018018018017,0.046511627906976744,-8.0,147.0,2011-2015,2021-2025
EC,63.0,1.0,198.0,6.0,present_both,0.015873015873015872,0.030303030303030304,5.0,135.0,2011-2015,2021-2025
ECAI,344.0,24.0,819.0,58.0,present_both,0.06976744186046512,0.07081807081807082,34.0,475.0,2011-2015,2021-2025
ECCV,242.0,13.0,813.0,21.0,present_both,0.05371900826446281,0.025830258302583026,8.0,571.0,2011-2015,2021-2025
ECIR,326.0,34.0,0.0,0.0,disappeared_or_zero_in_final,0.10429447852760736,,-34.0,-326.0,2011-2015,2021-2025
ECOOP,43.0,0.0,121.0,1.0,present_both,0.0,0.008264462809917356,1.0,78.0,2011-2015,2021-2025
EMNLP,230.0,10.0,824.0,29.0,present_both,0.043478260869565216,0.03519417475728155,19.0,594.0,2011-2015,2021-2025
ER,144.0,38.0,90.0,15.0,present_both,0.2638888888888889,0.16666666666666666,-23.0,-54.0,2011-2015,2021-2025
ESA,215.0,2.0,312.0,2.0,present_both,0.009302325581395349,0.00641025641025641,0.0,97.0,2011-2015,2021-2025
ESEM,144.0,23.0,98.0,13.0,present_both,0.1597222222222222,0.1326530612244898,-10.0,-46.0,2011-2015,2021-2025
ESOP,104.0,10.0,52.0,0.0,present_both,0.09615384615384616,0.0,-10.0,-52.0,2011-2015,2021-2025
ESORICS,60.0,3.0,0.0,0.0,disappeared_or_zero_in_final,0.05,,-3.0,-60.0,2011-2015,2021-2025
EuroCrypt,80.0,0.0,0.0,0.0,disappeared_or_zero_in_final,0.0,,0.0,-80.0,2011-2015,2021-2025
EuroS&P,0.0,0.0,134.0,3.0,new_or_zero_in_base,,0.022388059701492536,3.0,134.0,2011-2015,2021-2025
EuroSys,40.0,3.0,78.0,3.0,present_both,0.075,0.038461538461538464,0.0,38.0,2011-2015,2021-2025
FAST,8.0,2.0,3.0,0.0,present_both,0.25,0.0,-2.0,-5.0,2011-2015,2021-2025
FC,79.0,1.0,61.0,8.0,present_both,0.012658227848101266,0.13114754098360656,7.0,-18.0,2011-2015,2021-2025
FOCS,121.0,0.0,189.0,4.0,present_both,0.0,0.021164021164021163,4.0,68.0,2011-2015,2021-2025
FOGA,39.0,2.0,40.0,4.0,present_both,0.05128205128205128,0.1,2.0,1.0,2011-2015,2021-2025
FPGA,72.0,4.0,42.0,2.0,present_both,0.05555555555555555,0.047619047619047616,-2.0,-30.0,2011-2015,2021-2025
FSE,86.0,2.0,0.0,0.0,disappeared_or_zero_in_final,0.023255813953488372,,-2.0,-86.0,2011-2015,2021-2025
GD,165.0,1.0,147.0,6.0,present_both,0.006060606060606061,0.04081632653061224,5.0,-18.0,2011-2015,2021-2025
GECCO,523.0,49.0,474.0,52.0,present_both,0.09369024856596558,0.10970464135021098,3.0,-49.0,2011-2015,2021-2025
HPCA,45.0,10.0,76.0,18.0,present_both,0.2222222222222222,0.23684210526315788,8.0,31.0,2011-2015,2021-2025
HPDC,26.0,5.0,51.0,12.0,present_both,0.19230769230769232,0.23529411764705882,7.0,25.0,2011-2015,2021-2025
HRI,178.0,14.0,281.0,9.0,present_both,0.07865168539325842,0.03202846975088968,-5.0,103.0,2011-2015,2021-2025
HotOS,0.0,0.0,22.0,0.0,new_or_zero_in_base,,0.0,0.0,22.0,2011-2015,2021-2025
ICALP,0.0,0.0,401.0,5.0,new_or_zero_in_base,,0.012468827930174564,5.0,401.0,2011-2015,2021-2025
ICAPS,2.0,0.0,34.0,4.0,present_both,0.0,0.11764705882352941,4.0,32.0,2011-2015,2021-2025
ICCAD,72.0,1.0,195.0,6.0,present_both,0.013888888888888888,0.03076923076923077,5.0,123.0,2011-2015,2021-2025
ICCV,426.0,19.0,960.0,26.0,present_both,0.04460093896713615,0.027083333333333334,7.0,534.0,2011-2015,2021-2025
ICDAR,371.0,64.0,0.0,0.0,disappeared_or_zero_in_final,0.1725067385444744,,-64.0,-371.0,2011-2015,2021-2025
ICDCS,82.0,8.0,120.0,6.0,present_both,0.0975609756097561,0.05,-2.0,38.0,2011-2015,2021-2025
ICDE,198.0,6.0,390.0,19.0,present_both,0.030303030303030304,0.04871794871794872,13.0,192.0,2011-2015,2021-2025
ICDM,150.0,11.0,136.0,5.0,present_both,0.07333333333333333,0.03676470588235294,-6.0,-14.0,2011-2015,2021-2025
ICDT,79.0,5.0,73.0,4.0,present_both,0.06329113924050633,0.0547945205479452,-1.0,-6.0,2011-2015,2021-2025
ICER,47.0,1.0,18.0,0.0,present_both,0.02127659574468085,0.0,-1.0,-29.0,2011-2015,2021-2025
ICFP,116.0,4.0,0.0,0.0,disappeared_or_zero_in_final,0.034482758620689655,,-4.0,-116.0,2011-2015,2021-2025
ICLR,0.0,0.0,2286.0,61.0,new_or_zero_in_base,,0.02668416447944007,61.0,2286.0,2011-2015,2021-2025
ICME,259.0,29.0,211.0,10.0,present_both,0.11196911196911197,0.04739336492890995,-19.0,-48.0,2011-2015,2021-2025
ICML,52.0,3.0,2072.0,62.0,present_both,0.057692307692307696,0.029922779922779922,59.0,2020.0,2011-2015,2021-2025
ICPC,73.0,2.0,64.0,4.0,present_both,0.0273972602739726,0.0625,2.0,-9.0,2011-2015,2021-2025
ICRA,1650.0,144.0,1975.0,84.0,present_both,0.08727272727272728,0.042531645569620254,-60.0,325.0,2011-2015,2021-2025
ICS,48.0,17.0,46.0,9.0,present_both,0.3541666666666667,0.1956521739130435,-8.0,-2.0,2011-2015,2021-2025
ICSA,0.0,0.0,59.0,1.0,new_or_zero_in_base,,0.01694915254237288,1.0,59.0,2011-2015,2021-2025
ICSE,277.0,6.0,232.0,5.0,present_both,0.021660649819494584,0.021551724137931036,-1.0,-45.0,2011-2015,2021-2025
ICSME,166.0,7.0,139.0,3.0,present_both,0.04216867469879518,0.02158273381294964,-4.0,-27.0,2011-2015,2021-2025
ICSOC,133.0,15.0,45.0,2.0,present_both,0.11278195488721804,0.044444444444444446,-13.0,-88.0,2011-2015,2021-2025
ICST,193.0,7.0,167.0,6.0,present_both,0.03626943005181347,0.03592814371257485,-1.0,-26.0,2011-2015,2021-2025
ICWS,164.0,12.0,93.0,1.0,present_both,0.07317073170731707,0.010752688172043012,-11.0,-71.0,2011-2015,2021-2025
ICWSM,15.0,0.0,159.0,14.0,present_both,0.0,0.0880503144654088,14.0,144.0,2011-2015,2021-2025
IJCAI,73.0,14.0,1138.0,48.0,present_both,0.1917808219178082,0.0421792618629174,34.0,1065.0,2011-2015,2021-2025
IJCAR,63.0,3.0,34.0,2.0,present_both,0.047619047619047616,0.058823529411764705,-1.0,-29.0,2011-2015,2021-2025
IMC,0.0,0.0,125.0,24.0,new_or_zero_in_base,,0.192,24.0,125.0,2011-2015,2021-2025
INFOCOM,319.0,26.0,190.0,34.0,present_both,0.08150470219435736,0.17894736842105263,8.0,-129.0,2011-2015,2021-2025
IPDPS,171.0,23.0,146.0,15.0,present_both,0.13450292397660818,0.10273972602739725,-8.0,-25.0,2011-2015,2021-2025
IROS,1721.0,123.0,2012.0,87.0,present_both,0.07147007553747821,0.04324055666003976,-36.0,291.0,2011-2015,2021-2025
ISCA,48.0,16.0,69.0,13.0,present_both,0.3333333333333333,0.18840579710144928,-3.0,21.0,2011-2015,2021-2025
ISLPED,50.0,2.0,42.0,1.0,present_both,0.04,0.023809523809523808,-1.0,-8.0,2011-2015,2021-2025
ISMAR,198.0,5.0,229.0,7.0,present_both,0.025252525252525252,0.03056768558951965,2.0,31.0,2011-2015,2021-2025
ISSRE,79.0,11.0,67.0,5.0,present_both,0.13924050632911392,0.07462686567164178,-6.0,-12.0,2011-2015,2021-2025
ISSTA,52.0,4.0,88.0,7.0,present_both,0.07692307692307693,0.07954545454545454,3.0,36.0,2011-2015,2021-2025
ISWC,0.0,0.0,100.0,5.0,new_or_zero_in_base,,0.05,5.0,100.0,2011-2015,2021-2025
ITC,84.0,2.0,119.0,0.0,present_both,0.023809523809523808,0.0,-2.0,35.0,2011-2015,2021-2025
ITCS,32.0,1.0,121.0,2.0,present_both,0.03125,0.01652892561983471,1.0,89.0,2011-2015,2021-2025
IUI,148.0,6.0,119.0,2.0,present_both,0.04054054054054054,0.01680672268907563,-4.0,-29.0,2011-2015,2021-2025
Interspeech,908.0,69.0,600.0,14.0,present_both,0.07599118942731277,0.023333333333333334,-55.0,-308.0,2011-2015,2021-2025
KDD,157.0,22.0,251.0,13.0,present_both,0.14012738853503184,0.05179282868525897,-9.0,94.0,2011-2015,2021-2025
KR,23.0,0.0,294.0,18.0,present_both,0.0,0.061224489795918366,18.0,271.0,2011-2015,2021-2025
LAK,100.0,12.0,102.0,8.0,present_both,0.12,0.0784313725490196,-4.0,2.0,2011-2015,2021-2025
LICS,189.0,9.0,323.0,9.0,present_both,0.047619047619047616,0.02786377708978328,0.0,134.0,2011-2015,2021-2025
MICCAI,698.0,47.0,1992.0,129.0,present_both,0.0673352435530086,0.06475903614457831,82.0,1294.0,2011-2015,2021-2025
MICRO,51.0,10.0,92.0,24.0,present_both,0.19607843137254902,0.2608695652173913,14.0,41.0,2011-2015,2021-2025
MMSys,68.0,2.0,134.0,6.0,present_both,0.029411764705882353,0.04477611940298507,4.0,66.0,2011-2015,2021-2025
MOBICOM,79.0,3.0,153.0,20.0,present_both,0.0379746835443038,0.13071895424836602,17.0,74.0,2011-2015,2021-2025
MODELS,170.0,21.0,104.0,20.0,present_both,0.12352941176470589,0.19230769230769232,-1.0,-66.0,2011-2015,2021-2025
MSR,91.0,5.0,172.0,9.0,present_both,0.054945054945054944,0.05232558139534884,4.0,81.0,2011-2015,2021-2025
MSWIM,115.0,17.0,146.0,45.0,present_both,0.14782608695652175,0.3082191780821918,28.0,31.0,2011-2015,2021-2025
Middleware,55.0,6.0,77.0,4.0,present_both,0.10909090909090909,0.05194805194805195,-2.0,22.0,2011-2015,2021-2025
Mobisys,52.0,3.0,66.0,9.0,present_both,0.057692307692307696,0.13636363636363635,6.0,14.0,2011-2015,2021-2025
NAACL,0.0,0.0,259.0,7.0,new_or_zero_in_base,,0.02702702702702703,7.0,259.0,2011-2015,2021-2025
NDSS,12.0,0.0,4.0,0.0,present_both,0.0,0.0,0.0,-8.0,2011-2015,2021-2025
NeurIPS,106.0,4.0,2925.0,99.0,present_both,0.03773584905660377,0.033846153846153845,95.0,2819.0,2011-2015,2021-2025
OOPSLA,72.0,0.0,0.0,0.0,disappeared_or_zero_in_final,0.0,,0.0,-72.0,2011-2015,2021-2025
OSDI,3.0,0.0,0.0,0.0,disappeared_or_zero_in_final,0.0,,0.0,-3.0,2011-2015,2021-2025
PERCOM,62.0,1.0,49.0,2.0,present_both,0.016129032258064516,0.04081632653061224,1.0,-13.0,2011-2015,2021-2025
PETS,20.0,0.0,302.0,14.0,present_both,0.0,0.046357615894039736,14.0,282.0,2011-2015,2021-2025
PLDI,73.0,3.0,53.0,1.0,present_both,0.0410958904109589,0.018867924528301886,-2.0,-20.0,2011-2015,2021-2025
PODC,125.0,8.0,151.0,5.0,present_both,0.064,0.033112582781456956,-3.0,26.0,2011-2015,2021-2025
PODS,71.0,1.0,69.0,2.0,present_both,0.014084507042253521,0.028985507246376812,1.0,-2.0,2011-2015,2021-2025
POPL,156.0,13.0,0.0,0.0,disappeared_or_zero_in_final,0.08333333333333333,,-13.0,-156.0,2011-2015,2021-2025
PPSN,74.0,4.0,0.0,0.0,disappeared_or_zero_in_final,0.05405405405405406,,-4.0,-74.0,2011-2015,2021-2025
RAID,49.0,5.0,73.0,2.0,present_both,0.10204081632653061,0.0273972602739726,-3.0,24.0,2011-2015,2021-2025
RE,170.0,13.0,174.0,12.0,present_both,0.07647058823529412,0.06896551724137931,-1.0,4.0,2011-2015,2021-2025
RTAS,27.0,1.0,84.0,2.0,present_both,0.037037037037037035,0.023809523809523808,1.0,57.0,2011-2015,2021-2025
RTSS,74.0,3.0,90.0,3.0,present_both,0.04054054054054054,0.03333333333333333,0.0,16.0,2011-2015,2021-2025
RecSys,177.0,37.0,436.0,20.0,present_both,0.20903954802259886,0.045871559633027525,-17.0,259.0,2011-2015,2021-2025
SANER,104.0,3.0,147.0,8.0,present_both,0.028846153846153848,0.05442176870748299,5.0,43.0,2011-2015,2021-2025
SAT,124.0,9.0,116.0,12.0,present_both,0.07258064516129033,0.10344827586206896,3.0,-8.0,2011-2015,2021-2025
SC,98.0,9.0,115.0,8.0,present_both,0.09183673469387756,0.06956521739130435,-1.0,17.0,2011-2015,2021-2025
SDM,79.0,1.0,69.0,1.0,present_both,0.012658227848101266,0.014492753623188406,0.0,-10.0,2011-2015,2021-2025
SEAMS,0.0,0.0,101.0,5.0,new_or_zero_in_base,,0.04950495049504951,5.0,101.0,2011-2015,2021-2025
SIGCOMM,131.0,8.0,70.0,4.0,present_both,0.061068702290076333,0.05714285714285714,-4.0,-61.0,2011-2015,2021-2025
SIGCSE,75.0,5.0,38.0,2.0,present_both,0.06666666666666667,0.05263157894736842,-3.0,-37.0,2011-2015,2021-2025
SIGGRAPH,528.0,16.0,258.0,6.0,present_both,0.030303030303030304,0.023255813953488372,-10.0,-270.0,2011-2015,2021-2025
SIGIR,381.0,57.0,597.0,30.0,present_both,0.14960629921259844,0.05025125628140704,-27.0,216.0,2011-2015,2021-2025
SIGMETRICS,73.0,6.0,0.0,0.0,disappeared_or_zero_in_final,0.0821917808219178,,-6.0,-73.0,2011-2015,2021-2025
SIGMOD,153.0,8.0,116.0,0.0,present_both,0.05228758169934641,0.0,-8.0,-37.0,2011-2015,2021-2025
SIGSPATIAL,168.0,7.0,162.0,3.0,present_both,0.041666666666666664,0.018518518518518517,-4.0,-6.0,2011-2015,2021-2025
SODA,183.0,3.0,294.0,3.0,present_both,0.01639344262295082,0.01020408163265306,0.0,111.0,2011-2015,2021-2025
SOSP,17.0,0.0,32.0,0.0,present_both,0.0,0.0,0.0,15.0,2011-2015,2021-2025
SOUPS,11.0,0.0,0.0,0.0,disappeared_or_zero_in_final,0.0,,0.0,-11.0,2011-2015,2021-2025
SP,70.0,11.0,0.0,0.0,disappeared_or_zero_in_final,0.15714285714285714,,-11.0,-70.0,2011-2015,2021-2025
STACS,169.0,4.0,212.0,3.0,present_both,0.023668639053254437,0.014150943396226415,-1.0,43.0,2011-2015,2021-2025
STOC,115.0,0.0,230.0,3.0,present_both,0.0,0.013043478260869565,3.0,115.0,2011-2015,2021-2025
SiggraphA,43.0,6.0,234.0,7.0,present_both,0.13953488372093023,0.029914529914529916,1.0,191.0,2011-2015,2021-2025
SoCG,96.0,1.0,194.0,4.0,present_both,0.010416666666666666,0.020618556701030927,3.0,98.0,2011-2015,2021-2025
TACAS,196.0,6.0,0.0,0.0,disappeared_or_zero_in_final,0.030612244897959183,,-6.0,-196.0,2011-2015,2021-2025
UAI,14.0,1.0,163.0,7.0,present_both,0.07142857142857142,0.04294478527607362,6.0,149.0,2011-2015,2021-2025
UIST,91.0,0.0,119.0,4.0,present_both,0.0,0.03361344537815126,4.0,28.0,2011-2015,2021-2025
UMAP,125.0,17.0,145.0,11.0,present_both,0.136,0.07586206896551724,-6.0,20.0,2011-2015,2021-2025
USENIX,0.0,0.0,1.0,0.0,new_or_zero_in_base,,0.0,0.0,1.0,2011-2015,2021-2025
USENIX-Security,19.0,0.0,36.0,1.0,present_both,0.0,0.027777777777777776,1.0,17.0,2011-2015,2021-2025
VLDB,297.0,14.0,601.0,12.0,present_both,0.04713804713804714,0.019966722129783693,-2.0,304.0,2011-2015,2021-2025
VR,165.0,8.0,148.0,6.0,present_both,0.048484848484848485,0.04054054054054054,-2.0,-17.0,2011-2015,2021-2025
WACV,120.0,6.0,1011.0,27.0,present_both,0.05,0.026706231454005934,21.0,891.0,2011-2015,2021-2025
WSDM,103.0,24.0,146.0,8.0,present_both,0.23300970873786409,0.0547945205479452,-16.0,43.0,2011-2015,2021-2025
WWW,149.0,25.0,325.0,22.0,present_both,0.16778523489932887,0.06769230769230769,-3.0,176.0,2011-2015,2021-2025
