level,window,country_code,country_articles,eu27_uk_articles,resolved_articles,country_name,is_eu27_uk,share_eu27_uk,share_eu27_uk_pct
A*,2001-2005,US,11051,5132,19335,United States,False,2.153352,215.335
A*,2001-2005,JP,1431,5132,19335,Japan,False,0.278839,27.884
A*,2001-2005,GB,1229,5132,19335,United Kingdom,True,0.239478,23.948
A*,2001-2005,DE,1160,5132,19335,Germany,True,0.226033,22.603
A*,2001-2005,CA,1159,5132,19335,Canada,False,0.225838,22.584
A*,2001-2005,FR,976,5132,19335,France,True,0.190179,19.018
A*,2001-2005,IL,670,5132,19335,Israel,False,0.130553,13.055
A*,2001-2005,CN,566,5132,19335,China,False,0.110288,11.029
A*,2001-2005,IT,536,5132,19335,Italy,True,0.104443,10.444
A*,2001-2005,KR,374,5132,19335,South Korea,False,0.072876,7.288
A*,2001-2005,CH,366,5132,19335,Switzerland,False,0.071317,7.132
A*,2001-2005,AU,357,5132,19335,Australia,False,0.069564,6.956
A*,2001-2005,SG,339,5132,19335,Singapore,False,0.066056,6.606
A*,2001-2005,ES,283,5132,19335,Spain,True,0.055144,5.514
A*,2001-2005,NL,278,5132,19335,Netherlands,True,0.05417,5.417
A*,2001-2005,HK,277,5132,19335,Hong Kong,False,0.053975,5.398
A*,2001-2005,TW,257,5132,19335,Taiwan,False,0.050078,5.008
A*,2001-2005,SE,245,5132,19335,Sweden,True,0.04774,4.774
A*,2001-2005,IN,193,5132,19335,India,False,0.037607,3.761
A*,2001-2005,AT,138,5132,19335,Austria,True,0.02689,2.689
A*,2001-2005,BE,131,5132,19335,Belgium,True,0.025526,2.553
A*,2001-2005,FI,129,5132,19335,Finland,True,0.025136,2.514
A*,2001-2005,DK,122,5132,19335,Denmark,True,0.023772,2.377
A*,2001-2005,GR,116,5132,19335,Greece,True,0.022603,2.26
A*,2001-2005,BR,97,5132,19335,Brazil,False,0.018901,1.89
A*,2001-2005,PL,62,5132,19335,Poland,True,0.012081,1.208
A*,2001-2005,IE,59,5132,19335,Ireland,True,0.011496,1.15
A*,2001-2005,PT,59,5132,19335,Portugal,True,0.011496,1.15
A*,2001-2005,CZ,56,5132,19335,Czechia,True,0.010912,1.091
A*,2001-2005,RU,54,5132,19335,RU,False,0.010522,1.052
A*,2001-2005,MX,51,5132,19335,MX,False,0.009938,0.994
A*,2001-2005,NZ,47,5132,19335,NZ,False,0.009158,0.916
A*,2001-2005,HU,40,5132,19335,HU,True,0.007794,0.779
A*,2001-2005,TR,34,5132,19335,TR,False,0.006625,0.663
A*,2001-2005,NO,30,5132,19335,Norway,False,0.005846,0.585
A*,2001-2005,SI,26,5132,19335,SI,True,0.005066,0.507
A*,2001-2005,AR,18,5132,19335,AR,False,0.003507,0.351
A*,2001-2005,TH,17,5132,19335,TH,False,0.003313,0.331
A*,2001-2005,BI,12,5132,19335,BI,False,0.002338,0.234
A*,2001-2005,CY,11,5132,19335,CY,True,0.002143,0.214
A*,2001-2005,IR,11,5132,19335,IR,False,0.002143,0.214
A*,2001-2005,CL,9,5132,19335,CL,False,0.001754,0.175
A*,2001-2005,EG,9,5132,19335,EG,False,0.001754,0.175
A*,2001-2005,MY,9,5132,19335,MY,False,0.001754,0.175
A*,2001-2005,RO,9,5132,19335,RO,True,0.001754,0.175
A*,2001-2005,JM,7,5132,19335,JM,False,0.001364,0.136
A*,2001-2005,SK,7,5132,19335,SK,True,0.001364,0.136
A*,2001-2005,SS,7,5132,19335,SS,False,0.001364,0.136
A*,2001-2005,BM,6,5132,19335,BM,False,0.001169,0.117
A*,2001-2005,VE,6,5132,19335,VE,False,0.001169,0.117
A*,2001-2005,ZA,6,5132,19335,ZA,False,0.001169,0.117
A*,2001-2005,BG,5,5132,19335,BG,True,0.000974,0.097
A*,2001-2005,PH,5,5132,19335,PH,False,0.000974,0.097
A*,2001-2005,CO,4,5132,19335,CO,False,0.000779,0.078
A*,2001-2005,MO,4,5132,19335,MO,False,0.000779,0.078
A*,2001-2005,DO,3,5132,19335,DO,False,0.000585,0.058
A*,2001-2005,EE,3,5132,19335,EE,True,0.000585,0.058
A*,2001-2005,IS,3,5132,19335,IS,False,0.000585,0.058
A*,2001-2005,LB,3,5132,19335,LB,False,0.000585,0.058
A*,2001-2005,LV,3,5132,19335,LV,True,0.000585,0.058
A*,2001-2005,NG,3,5132,19335,NG,False,0.000585,0.058
A*,2001-2005,RS,3,5132,19335,RS,False,0.000585,0.058
A*,2001-2005,SA,3,5132,19335,SA,False,0.000585,0.058
A*,2001-2005,TN,3,5132,19335,TN,False,0.000585,0.058
A*,2001-2005,VN,3,5132,19335,VN,False,0.000585,0.058
A*,2001-2005,DZ,2,5132,19335,DZ,False,0.00039,0.039
A*,2001-2005,LU,2,5132,19335,LU,True,0.00039,0.039
A*,2001-2005,MA,2,5132,19335,MA,False,0.00039,0.039
A*,2001-2005,MK,2,5132,19335,MK,False,0.00039,0.039
A*,2001-2005,MQ,2,5132,19335,MQ,False,0.00039,0.039
A*,2001-2005,PK,2,5132,19335,PK,False,0.00039,0.039
A*,2001-2005,PR,2,5132,19335,PR,False,0.00039,0.039
A*,2001-2005,SO,2,5132,19335,SO,False,0.00039,0.039
A*,2001-2005,AE,1,5132,19335,AE,False,0.000195,0.019
A*,2001-2005,BN,1,5132,19335,BN,False,0.000195,0.019
A*,2001-2005,BW,1,5132,19335,BW,False,0.000195,0.019
A*,2001-2005,BY,1,5132,19335,BY,False,0.000195,0.019
A*,2001-2005,CM,1,5132,19335,CM,False,0.000195,0.019
A*,2001-2005,CR,1,5132,19335,CR,False,0.000195,0.019
A*,2001-2005,CU,1,5132,19335,CU,False,0.000195,0.019
A*,2001-2005,GH,1,5132,19335,GH,False,0.000195,0.019
A*,2001-2005,GP,1,5132,19335,GP,False,0.000195,0.019
A*,2001-2005,HR,1,5132,19335,HR,True,0.000195,0.019
A*,2001-2005,KH,1,5132,19335,KH,False,0.000195,0.019
A*,2001-2005,LK,1,5132,19335,LK,False,0.000195,0.019
A*,2001-2005,LT,1,5132,19335,LT,True,0.000195,0.019
A*,2001-2005,MT,1,5132,19335,MT,True,0.000195,0.019
A*,2001-2005,MZ,1,5132,19335,MZ,False,0.000195,0.019
A*,2001-2005,NC,1,5132,19335,NC,False,0.000195,0.019
A*,2001-2005,PA,1,5132,19335,PA,False,0.000195,0.019
A*,2001-2005,SZ,1,5132,19335,SZ,False,0.000195,0.019
A*,2001-2005,TJ,1,5132,19335,TJ,False,0.000195,0.019
A*,2001-2005,TZ,1,5132,19335,TZ,False,0.000195,0.019
A*,2001-2005,UA,1,5132,19335,UA,False,0.000195,0.019
A*,2001-2005,VG,1,5132,19335,VG,False,0.000195,0.019
A*,2001-2005,YE,1,5132,19335,YE,False,0.000195,0.019
A*,2006-2010,US,15373,8215,28455,United States,False,1.871333,187.133
A*,2006-2010,GB,2062,8215,28455,United Kingdom,True,0.251004,25.1
A*,2006-2010,DE,1993,8215,28455,Germany,True,0.242605,24.26
A*,2006-2010,CN,1914,8215,28455,China,False,0.232988,23.299
A*,2006-2010,CA,1844,8215,28455,Canada,False,0.224467,22.447
A*,2006-2010,JP,1716,8215,28455,Japan,False,0.208886,20.889
A*,2006-2010,FR,1588,8215,28455,France,True,0.193305,19.33
A*,2006-2010,IL,879,8215,28455,Israel,False,0.106999,10.7
A*,2006-2010,CH,870,8215,28455,Switzerland,False,0.105904,10.59
A*,2006-2010,IT,770,8215,28455,Italy,True,0.093731,9.373
A*,2006-2010,AU,684,8215,28455,Australia,False,0.083262,8.326
A*,2006-2010,SG,681,8215,28455,Singapore,False,0.082897,8.29
A*,2006-2010,HK,547,8215,28455,Hong Kong,False,0.066586,6.659
A*,2006-2010,KR,531,8215,28455,South Korea,False,0.064638,6.464
A*,2006-2010,ES,528,8215,28455,Spain,True,0.064273,6.427
A*,2006-2010,NL,509,8215,28455,Netherlands,True,0.06196,6.196
A*,2006-2010,IN,444,8215,28455,India,False,0.054047,5.405
A*,2006-2010,TW,344,8215,28455,Taiwan,False,0.041875,4.187
A*,2006-2010,AT,269,8215,28455,Austria,True,0.032745,3.274
A*,2006-2010,SE,261,8215,28455,Sweden,True,0.031771,3.177
A*,2006-2010,BE,255,8215,28455,Belgium,True,0.031041,3.104
A*,2006-2010,GR,214,8215,28455,Greece,True,0.02605,2.605
A*,2006-2010,FI,213,8215,28455,Finland,True,0.025928,2.593
A*,2006-2010,DK,189,8215,28455,Denmark,True,0.023007,2.301
A*,2006-2010,BR,131,8215,28455,Brazil,False,0.015946,1.595
A*,2006-2010,IE,112,8215,28455,Ireland,True,0.013634,1.363
A*,2006-2010,CZ,98,8215,28455,Czechia,True,0.011929,1.193
A*,2006-2010,NZ,97,8215,28455,NZ,False,0.011808,1.181
A*,2006-2010,PT,91,8215,28455,Portugal,True,0.011077,1.108
A*,2006-2010,NO,90,8215,28455,Norway,False,0.010956,1.096
A*,2006-2010,PL,80,8215,28455,Poland,True,0.009738,0.974
A*,2006-2010,TR,74,8215,28455,TR,False,0.009008,0.901
A*,2006-2010,HU,67,8215,28455,HU,True,0.008156,0.816
A*,2006-2010,RU,62,8215,28455,RU,False,0.007547,0.755
A*,2006-2010,MX,56,8215,28455,MX,False,0.006817,0.682
A*,2006-2010,SI,30,8215,28455,SI,True,0.003652,0.365
A*,2006-2010,AR,24,8215,28455,AR,False,0.002921,0.292
A*,2006-2010,IR,24,8215,28455,IR,False,0.002921,0.292
A*,2006-2010,TH,23,8215,28455,TH,False,0.0028,0.28
A*,2006-2010,CL,22,8215,28455,CL,False,0.002678,0.268
A*,2006-2010,BI,19,8215,28455,BI,False,0.002313,0.231
A*,2006-2010,CY,19,8215,28455,CY,True,0.002313,0.231
A*,2006-2010,PK,19,8215,28455,PK,False,0.002313,0.231
A*,2006-2010,CO,18,8215,28455,CO,False,0.002191,0.219
A*,2006-2010,ZA,18,8215,28455,ZA,False,0.002191,0.219
A*,2006-2010,SS,17,8215,28455,SS,False,0.002069,0.207
A*,2006-2010,LU,16,8215,28455,LU,True,0.001948,0.195
A*,2006-2010,EG,13,8215,28455,EG,False,0.001582,0.158
A*,2006-2010,SA,13,8215,28455,SA,False,0.001582,0.158
A*,2006-2010,HR,12,8215,28455,HR,True,0.001461,0.146
A*,2006-2010,AE,11,8215,28455,AE,False,0.001339,0.134
A*,2006-2010,EE,10,8215,28455,EE,True,0.001217,0.122
A*,2006-2010,IS,10,8215,28455,IS,False,0.001217,0.122
A*,2006-2010,MY,10,8215,28455,MY,False,0.001217,0.122
A*,2006-2010,SK,9,8215,28455,SK,True,0.001096,0.11
A*,2006-2010,MO,8,8215,28455,MO,False,0.000974,0.097
A*,2006-2010,RO,8,8215,28455,RO,True,0.000974,0.097
A*,2006-2010,NG,7,8215,28455,NG,False,0.000852,0.085
A*,2006-2010,RS,7,8215,28455,RS,False,0.000852,0.085
A*,2006-2010,VE,6,8215,28455,VE,False,0.00073,0.073
A*,2006-2010,DO,5,8215,28455,DO,False,0.000609,0.061
A*,2006-2010,JM,5,8215,28455,JM,False,0.000609,0.061
A*,2006-2010,LV,5,8215,28455,LV,True,0.000609,0.061
A*,2006-2010,BM,4,8215,28455,BM,False,0.000487,0.049
A*,2006-2010,DZ,4,8215,28455,DZ,False,0.000487,0.049
A*,2006-2010,JO,4,8215,28455,JO,False,0.000487,0.049
A*,2006-2010,LB,4,8215,28455,LB,False,0.000487,0.049
A*,2006-2010,PH,4,8215,28455,PH,False,0.000487,0.049
A*,2006-2010,QA,4,8215,28455,QA,False,0.000487,0.049
A*,2006-2010,UY,4,8215,28455,UY,False,0.000487,0.049
A*,2006-2010,MT,3,8215,28455,MT,True,0.000365,0.037
A*,2006-2010,PR,3,8215,28455,PR,False,0.000365,0.037
A*,2006-2010,BD,2,8215,28455,BD,False,0.000243,0.024
A*,2006-2010,BG,2,8215,28455,BG,True,0.000243,0.024
A*,2006-2010,ID,2,8215,28455,ID,False,0.000243,0.024
A*,2006-2010,KH,2,8215,28455,KH,False,0.000243,0.024
A*,2006-2010,TJ,2,8215,28455,TJ,False,0.000243,0.024
A*,2006-2010,TN,2,8215,28455,TN,False,0.000243,0.024
A*,2006-2010,AL,1,8215,28455,AL,False,0.000122,0.012
A*,2006-2010,BW,1,8215,28455,BW,False,0.000122,0.012
A*,2006-2010,BY,1,8215,28455,BY,False,0.000122,0.012
A*,2006-2010,CM,1,8215,28455,CM,False,0.000122,0.012
A*,2006-2010,CR,1,8215,28455,CR,False,0.000122,0.012
A*,2006-2010,FJ,1,8215,28455,FJ,False,0.000122,0.012
A*,2006-2010,GH,1,8215,28455,GH,False,0.000122,0.012
A*,2006-2010,LK,1,8215,28455,LK,False,0.000122,0.012
A*,2006-2010,MK,1,8215,28455,MK,False,0.000122,0.012
A*,2006-2010,MM,1,8215,28455,MM,False,0.000122,0.012
A*,2006-2010,TT,1,8215,28455,TT,False,0.000122,0.012
A*,2006-2010,TV,1,8215,28455,TV,False,0.000122,0.012
A*,2006-2010,TZ,1,8215,28455,TZ,False,0.000122,0.012
A*,2006-2010,UA,1,8215,28455,UA,False,0.000122,0.012
A*,2006-2010,UG,1,8215,28455,UG,False,0.000122,0.012
A*,2006-2010,VG,1,8215,28455,VG,False,0.000122,0.012
A*,2006-2010,VN,1,8215,28455,VN,False,0.000122,0.012
A*,2011-2015,US,19106,11592,37322,United States,False,1.648206,164.821
A*,2011-2015,CN,4419,11592,37322,China,False,0.381211,38.121
A*,2011-2015,GB,3154,11592,37322,United Kingdom,True,0.272084,27.208
A*,2011-2015,DE,3062,11592,37322,Germany,True,0.264148,26.415
A*,2011-2015,CA,2174,11592,37322,Canada,False,0.187543,18.754
A*,2011-2015,FR,1945,11592,37322,France,True,0.167788,16.779
A*,2011-2015,JP,1899,11592,37322,Japan,False,0.16382,16.382
A*,2011-2015,SG,1355,11592,37322,Singapore,False,0.116891,11.689
A*,2011-2015,AU,1243,11592,37322,Australia,False,0.107229,10.723
A*,2011-2015,CH,1240,11592,37322,Switzerland,False,0.10697,10.697
A*,2011-2015,IT,1082,11592,37322,Italy,True,0.09334,9.334
A*,2011-2015,IL,1062,11592,37322,Israel,False,0.091615,9.161
A*,2011-2015,KR,874,11592,37322,South Korea,False,0.075397,7.54
A*,2011-2015,HK,873,11592,37322,Hong Kong,False,0.075311,7.531
A*,2011-2015,ES,713,11592,37322,Spain,True,0.061508,6.151
A*,2011-2015,NL,630,11592,37322,Netherlands,True,0.054348,5.435
A*,2011-2015,IN,616,11592,37322,India,False,0.05314,5.314
A*,2011-2015,TW,545,11592,37322,Taiwan,False,0.047015,4.702
A*,2011-2015,AT,524,11592,37322,Austria,True,0.045204,4.52
A*,2011-2015,SE,404,11592,37322,Sweden,True,0.034852,3.485
A*,2011-2015,BE,364,11592,37322,Belgium,True,0.031401,3.14
A*,2011-2015,DK,330,11592,37322,Denmark,True,0.028468,2.847
A*,2011-2015,GR,318,11592,37322,Greece,True,0.027433,2.743
A*,2011-2015,FI,247,11592,37322,Finland,True,0.021308,2.131
A*,2011-2015,PT,192,11592,37322,Portugal,True,0.016563,1.656
A*,2011-2015,BR,183,11592,37322,Brazil,False,0.015787,1.579
A*,2011-2015,IE,181,11592,37322,Ireland,True,0.015614,1.561
A*,2011-2015,NZ,160,11592,37322,NZ,False,0.013803,1.38
A*,2011-2015,CZ,154,11592,37322,Czechia,True,0.013285,1.329
A*,2011-2015,PL,134,11592,37322,Poland,True,0.01156,1.156
A*,2011-2015,NO,129,11592,37322,Norway,False,0.011128,1.113
A*,2011-2015,RU,110,11592,37322,RU,False,0.009489,0.949
A*,2011-2015,QA,98,11592,37322,QA,False,0.008454,0.845
A*,2011-2015,TR,92,11592,37322,TR,False,0.007937,0.794
A*,2011-2015,HU,77,11592,37322,HU,True,0.006643,0.664
A*,2011-2015,SA,75,11592,37322,SA,False,0.00647,0.647
A*,2011-2015,MX,71,11592,37322,MX,False,0.006125,0.612
A*,2011-2015,CL,66,11592,37322,CL,False,0.005694,0.569
A*,2011-2015,LU,45,11592,37322,LU,True,0.003882,0.388
A*,2011-2015,PK,44,11592,37322,PK,False,0.003796,0.38
A*,2011-2015,MO,43,11592,37322,MO,False,0.003709,0.371
A*,2011-2015,IR,41,11592,37322,IR,False,0.003537,0.354
A*,2011-2015,RO,36,11592,37322,RO,True,0.003106,0.311
A*,2011-2015,CO,31,11592,37322,CO,False,0.002674,0.267
A*,2011-2015,BI,30,11592,37322,BI,False,0.002588,0.259
A*,2011-2015,SI,30,11592,37322,SI,True,0.002588,0.259
A*,2011-2015,EG,29,11592,37322,EG,False,0.002502,0.25
A*,2011-2015,MY,28,11592,37322,MY,False,0.002415,0.242
A*,2011-2015,AE,26,11592,37322,AE,False,0.002243,0.224
A*,2011-2015,AR,25,11592,37322,AR,False,0.002157,0.216
A*,2011-2015,ZA,25,11592,37322,ZA,False,0.002157,0.216
A*,2011-2015,CY,23,11592,37322,CY,True,0.001984,0.198
A*,2011-2015,IS,20,11592,37322,IS,False,0.001725,0.173
A*,2011-2015,EE,16,11592,37322,EE,True,0.00138,0.138
A*,2011-2015,HR,16,11592,37322,HR,True,0.00138,0.138
A*,2011-2015,SK,15,11592,37322,SK,True,0.001294,0.129
A*,2011-2015,TH,13,11592,37322,TH,False,0.001121,0.112
A*,2011-2015,SS,12,11592,37322,SS,False,0.001035,0.104
A*,2011-2015,PR,11,11592,37322,PR,False,0.000949,0.095
A*,2011-2015,BD,9,11592,37322,BD,False,0.000776,0.078
A*,2011-2015,BG,9,11592,37322,BG,True,0.000776,0.078
A*,2011-2015,VN,9,11592,37322,VN,False,0.000776,0.078
A*,2011-2015,MA,8,11592,37322,MA,False,0.00069,0.069
A*,2011-2015,RS,7,11592,37322,RS,False,0.000604,0.06
A*,2011-2015,DZ,6,11592,37322,DZ,False,0.000518,0.052
A*,2011-2015,ID,6,11592,37322,ID,False,0.000518,0.052
A*,2011-2015,LV,6,11592,37322,LV,True,0.000518,0.052
A*,2011-2015,TN,6,11592,37322,TN,False,0.000518,0.052
A*,2011-2015,LB,5,11592,37322,LB,False,0.000431,0.043
A*,2011-2015,BY,4,11592,37322,BY,False,0.000345,0.035
A*,2011-2015,JM,4,11592,37322,JM,False,0.000345,0.035
A*,2011-2015,UG,4,11592,37322,UG,False,0.000345,0.035
A*,2011-2015,UY,4,11592,37322,UY,False,0.000345,0.035
A*,2011-2015,BM,3,11592,37322,BM,False,0.000259,0.026
A*,2011-2015,BO,3,11592,37322,BO,False,0.000259,0.026
A*,2011-2015,GH,3,11592,37322,GH,False,0.000259,0.026
A*,2011-2015,KW,3,11592,37322,KW,False,0.000259,0.026
A*,2011-2015,KZ,3,11592,37322,KZ,False,0.000259,0.026
A*,2011-2015,MK,3,11592,37322,MK,False,0.000259,0.026
A*,2011-2015,PH,3,11592,37322,PH,False,0.000259,0.026
A*,2011-2015,UA,3,11592,37322,UA,False,0.000259,0.026
A*,2011-2015,VE,3,11592,37322,VE,False,0.000259,0.026
A*,2011-2015,CR,2,11592,37322,CR,False,0.000173,0.017
A*,2011-2015,EC,2,11592,37322,EC,False,0.000173,0.017
A*,2011-2015,IQ,2,11592,37322,IQ,False,0.000173,0.017
A*,2011-2015,LT,2,11592,37322,LT,True,0.000173,0.017
A*,2011-2015,MT,2,11592,37322,MT,True,0.000173,0.017
A*,2011-2015,PE,2,11592,37322,PE,False,0.000173,0.017
A*,2011-2015,TJ,2,11592,37322,TJ,False,0.000173,0.017
A*,2011-2015,AM,1,11592,37322,AM,False,8.6e-05,0.009
A*,2011-2015,BB,1,11592,37322,BB,False,8.6e-05,0.009
A*,2011-2015,BJ,1,11592,37322,BJ,False,8.6e-05,0.009
A*,2011-2015,BN,1,11592,37322,BN,False,8.6e-05,0.009
A*,2011-2015,CM,1,11592,37322,CM,False,8.6e-05,0.009
A*,2011-2015,CU,1,11592,37322,CU,False,8.6e-05,0.009
A*,2011-2015,DO,1,11592,37322,DO,False,8.6e-05,0.009
A*,2011-2015,ET,1,11592,37322,ET,False,8.6e-05,0.009
A*,2011-2015,GL,1,11592,37322,GL,False,8.6e-05,0.009
A*,2011-2015,JO,1,11592,37322,JO,False,8.6e-05,0.009
A*,2011-2015,KE,1,11592,37322,KE,False,8.6e-05,0.009
A*,2011-2015,KH,1,11592,37322,KH,False,8.6e-05,0.009
A*,2011-2015,MD,1,11592,37322,MD,False,8.6e-05,0.009
A*,2011-2015,ME,1,11592,37322,ME,False,8.6e-05,0.009
A*,2011-2015,MM,1,11592,37322,MM,False,8.6e-05,0.009
A*,2011-2015,MN,1,11592,37322,MN,False,8.6e-05,0.009
A*,2011-2015,MU,1,11592,37322,MU,False,8.6e-05,0.009
A*,2011-2015,NC,1,11592,37322,NC,False,8.6e-05,0.009
A*,2011-2015,NE,1,11592,37322,NE,False,8.6e-05,0.009
A*,2011-2015,OM,1,11592,37322,OM,False,8.6e-05,0.009
A*,2011-2015,PS,1,11592,37322,PS,False,8.6e-05,0.009
A*,2011-2015,RW,1,11592,37322,RW,False,8.6e-05,0.009
A*,2011-2015,WS,1,11592,37322,WS,False,8.6e-05,0.009
A*,2011-2015,YE,1,11592,37322,YE,False,8.6e-05,0.009
A*,2016-2020,US,27961,16447,59170,United States,False,1.700067,170.007
A*,2016-2020,CN,13931,16447,59170,China,False,0.847024,84.702
A*,2016-2020,GB,5458,16447,59170,United Kingdom,True,0.331854,33.185
A*,2016-2020,DE,4274,16447,59170,Germany,True,0.259865,25.987
A*,2016-2020,CA,3161,16447,59170,Canada,False,0.192193,19.219
A*,2016-2020,AU,2679,16447,59170,Australia,False,0.162887,16.289
A*,2016-2020,FR,2402,16447,59170,France,True,0.146045,14.604
A*,2016-2020,JP,2260,16447,59170,Japan,False,0.137411,13.741
A*,2016-2020,SG,2147,16447,59170,Singapore,False,0.130541,13.054
A*,2016-2020,IL,1991,16447,59170,Israel,False,0.121056,12.106
A*,2016-2020,CH,1903,16447,59170,Switzerland,False,0.115705,11.57
A*,2016-2020,HK,1690,16447,59170,Hong Kong,False,0.102754,10.275
A*,2016-2020,KR,1653,16447,59170,South Korea,False,0.100505,10.05
A*,2016-2020,IT,1352,16447,59170,Italy,True,0.082203,8.22
A*,2016-2020,IN,1265,16447,59170,India,False,0.076914,7.691
A*,2016-2020,NL,1105,16447,59170,Netherlands,True,0.067186,6.719
A*,2016-2020,SE,700,16447,59170,Sweden,True,0.042561,4.256
A*,2016-2020,TW,676,16447,59170,Taiwan,False,0.041102,4.11
A*,2016-2020,AT,675,16447,59170,Austria,True,0.041041,4.104
A*,2016-2020,ES,627,16447,59170,Spain,True,0.038122,3.812
A*,2016-2020,DK,592,16447,59170,Denmark,True,0.035994,3.599
A*,2016-2020,FI,418,16447,59170,Finland,True,0.025415,2.541
A*,2016-2020,BE,403,16447,59170,Belgium,True,0.024503,2.45
A*,2016-2020,RU,391,16447,59170,RU,False,0.023773,2.377
A*,2016-2020,CZ,334,16447,59170,Czechia,True,0.020308,2.031
A*,2016-2020,PL,333,16447,59170,Poland,True,0.020247,2.025
A*,2016-2020,BR,313,16447,59170,Brazil,False,0.019031,1.903
A*,2016-2020,GR,300,16447,59170,Greece,True,0.01824,1.824
A*,2016-2020,NZ,227,16447,59170,NZ,False,0.013802,1.38
A*,2016-2020,IE,226,16447,59170,Ireland,True,0.013741,1.374
A*,2016-2020,PT,214,16447,59170,Portugal,True,0.013011,1.301
A*,2016-2020,NO,212,16447,59170,Norway,False,0.01289,1.289
A*,2016-2020,AE,200,16447,59170,AE,False,0.01216,1.216
A*,2016-2020,MX,197,16447,59170,MX,False,0.011978,1.198
A*,2016-2020,SA,191,16447,59170,SA,False,0.011613,1.161
A*,2016-2020,QA,133,16447,59170,QA,False,0.008087,0.809
A*,2016-2020,CL,103,16447,59170,CL,False,0.006263,0.626
A*,2016-2020,TR,102,16447,59170,TR,False,0.006202,0.62
A*,2016-2020,IR,96,16447,59170,IR,False,0.005837,0.584
A*,2016-2020,MO,88,16447,59170,MO,False,0.005351,0.535
A*,2016-2020,LU,83,16447,59170,LU,True,0.005047,0.505
A*,2016-2020,PK,69,16447,59170,PK,False,0.004195,0.42
A*,2016-2020,HU,68,16447,59170,HU,True,0.004134,0.413
A*,2016-2020,RO,66,16447,59170,RO,True,0.004013,0.401
A*,2016-2020,JM,57,16447,59170,JM,False,0.003466,0.347
A*,2016-2020,KY,51,16447,59170,KY,False,0.003101,0.31
A*,2016-2020,SI,43,16447,59170,SI,True,0.002614,0.261
A*,2016-2020,BD,42,16447,59170,BD,False,0.002554,0.255
A*,2016-2020,SK,42,16447,59170,SK,True,0.002554,0.255
A*,2016-2020,AR,37,16447,59170,AR,False,0.00225,0.225
A*,2016-2020,ZA,37,16447,59170,ZA,False,0.00225,0.225
A*,2016-2020,BI,36,16447,59170,BI,False,0.002189,0.219
A*,2016-2020,CO,35,16447,59170,CO,False,0.002128,0.213
A*,2016-2020,MY,35,16447,59170,MY,False,0.002128,0.213
A*,2016-2020,CY,34,16447,59170,CY,True,0.002067,0.207
A*,2016-2020,DZ,34,16447,59170,DZ,False,0.002067,0.207
A*,2016-2020,MK,33,16447,59170,MK,False,0.002006,0.201
A*,2016-2020,EG,32,16447,59170,EG,False,0.001946,0.195
A*,2016-2020,TH,28,16447,59170,TH,False,0.001702,0.17
A*,2016-2020,VN,26,16447,59170,VN,False,0.001581,0.158
A*,2016-2020,SS,22,16447,59170,SS,False,0.001338,0.134
A*,2016-2020,BG,19,16447,59170,BG,True,0.001155,0.116
A*,2016-2020,EE,19,16447,59170,EE,True,0.001155,0.116
A*,2016-2020,DO,17,16447,59170,DO,False,0.001034,0.103
A*,2016-2020,MM,17,16447,59170,MM,False,0.001034,0.103
A*,2016-2020,KZ,15,16447,59170,KZ,False,0.000912,0.091
A*,2016-2020,LB,15,16447,59170,LB,False,0.000912,0.091
A*,2016-2020,IS,14,16447,59170,IS,False,0.000851,0.085
A*,2016-2020,ID,13,16447,59170,ID,False,0.00079,0.079
A*,2016-2020,PH,13,16447,59170,PH,False,0.00079,0.079
A*,2016-2020,HR,11,16447,59170,HR,True,0.000669,0.067
A*,2016-2020,MA,11,16447,59170,MA,False,0.000669,0.067
A*,2016-2020,PR,11,16447,59170,PR,False,0.000669,0.067
A*,2016-2020,LK,9,16447,59170,LK,False,0.000547,0.055
A*,2016-2020,RS,8,16447,59170,RS,False,0.000486,0.049
A*,2016-2020,LV,7,16447,59170,LV,True,0.000426,0.043
A*,2016-2020,MT,7,16447,59170,MT,True,0.000426,0.043
A*,2016-2020,NG,7,16447,59170,NG,False,0.000426,0.043
A*,2016-2020,PE,7,16447,59170,PE,False,0.000426,0.043
A*,2016-2020,UY,7,16447,59170,UY,False,0.000426,0.043
A*,2016-2020,PS,6,16447,59170,PS,False,0.000365,0.036
A*,2016-2020,BA,5,16447,59170,BA,False,0.000304,0.03
A*,2016-2020,BY,5,16447,59170,BY,False,0.000304,0.03
A*,2016-2020,EC,5,16447,59170,EC,False,0.000304,0.03
A*,2016-2020,IQ,5,16447,59170,IQ,False,0.000304,0.03
A*,2016-2020,KH,5,16447,59170,KH,False,0.000304,0.03
A*,2016-2020,VE,5,16447,59170,VE,False,0.000304,0.03
A*,2016-2020,CR,4,16447,59170,CR,False,0.000243,0.024
A*,2016-2020,UA,4,16447,59170,UA,False,0.000243,0.024
A*,2016-2020,AZ,3,16447,59170,AZ,False,0.000182,0.018
A*,2016-2020,CI,3,16447,59170,CI,False,0.000182,0.018
A*,2016-2020,ET,3,16447,59170,ET,False,0.000182,0.018
A*,2016-2020,GH,3,16447,59170,GH,False,0.000182,0.018
A*,2016-2020,LT,3,16447,59170,LT,True,0.000182,0.018
A*,2016-2020,MZ,3,16447,59170,MZ,False,0.000182,0.018
A*,2016-2020,NP,3,16447,59170,NP,False,0.000182,0.018
A*,2016-2020,TN,3,16447,59170,TN,False,0.000182,0.018
A*,2016-2020,TZ,3,16447,59170,TZ,False,0.000182,0.018
A*,2016-2020,UG,3,16447,59170,UG,False,0.000182,0.018
A*,2016-2020,UZ,3,16447,59170,UZ,False,0.000182,0.018
A*,2016-2020,YE,3,16447,59170,YE,False,0.000182,0.018
A*,2016-2020,AL,2,16447,59170,AL,False,0.000122,0.012
A*,2016-2020,AM,2,16447,59170,AM,False,0.000122,0.012
A*,2016-2020,BO,2,16447,59170,BO,False,0.000122,0.012
A*,2016-2020,CU,2,16447,59170,CU,False,0.000122,0.012
A*,2016-2020,JO,2,16447,59170,JO,False,0.000122,0.012
A*,2016-2020,KE,2,16447,59170,KE,False,0.000122,0.012
A*,2016-2020,NC,2,16447,59170,NC,False,0.000122,0.012
A*,2016-2020,BN,1,16447,59170,BN,False,6.1e-05,0.006
A*,2016-2020,BW,1,16447,59170,BW,False,6.1e-05,0.006
A*,2016-2020,CD,1,16447,59170,CD,False,6.1e-05,0.006
A*,2016-2020,CM,1,16447,59170,CM,False,6.1e-05,0.006
A*,2016-2020,GT,1,16447,59170,GT,False,6.1e-05,0.006
A*,2016-2020,KP,1,16447,59170,KP,False,6.1e-05,0.006
A*,2016-2020,KW,1,16447,59170,KW,False,6.1e-05,0.006
A*,2016-2020,LI,1,16447,59170,LI,False,6.1e-05,0.006
A*,2016-2020,MD,1,16447,59170,MD,False,6.1e-05,0.006
A*,2016-2020,ML,1,16447,59170,ML,False,6.1e-05,0.006
A*,2016-2020,MN,1,16447,59170,MN,False,6.1e-05,0.006
A*,2016-2020,MU,1,16447,59170,MU,False,6.1e-05,0.006
A*,2016-2020,NI,1,16447,59170,NI,False,6.1e-05,0.006
A*,2016-2020,PY,1,16447,59170,PY,False,6.1e-05,0.006
A*,2016-2020,SL,1,16447,59170,SL,False,6.1e-05,0.006
A*,2016-2020,SM,1,16447,59170,SM,False,6.1e-05,0.006
A*,2016-2020,SN,1,16447,59170,SN,False,6.1e-05,0.006
A*,2016-2020,TT,1,16447,59170,TT,False,6.1e-05,0.006
A*,2016-2020,VA,1,16447,59170,VA,False,6.1e-05,0.006
A*,2021-2025,US,48435,28856,117480,United States,False,1.678507,167.851
A*,2021-2025,CN,43425,28856,117480,China,False,1.504886,150.489
A*,2021-2025,GB,10260,28856,117480,United Kingdom,True,0.355559,35.556
A*,2021-2025,DE,7729,28856,117480,Germany,True,0.267847,26.785
A*,2021-2025,HK,6654,28856,117480,Hong Kong,False,0.230593,23.059
A*,2021-2025,CA,6302,28856,117480,Canada,False,0.218395,21.839
A*,2021-2025,SG,5873,28856,117480,Singapore,False,0.203528,20.353
A*,2021-2025,KR,5136,28856,117480,South Korea,False,0.177987,17.799
A*,2021-2025,AU,4896,28856,117480,Australia,False,0.16967,16.967
A*,2021-2025,FR,3895,28856,117480,France,True,0.134981,13.498
A*,2021-2025,CH,3757,28856,117480,Switzerland,False,0.130198,13.02
A*,2021-2025,JP,3335,28856,117480,Japan,False,0.115574,11.557
A*,2021-2025,IL,2486,28856,117480,Israel,False,0.086152,8.615
A*,2021-2025,NL,2188,28856,117480,Netherlands,True,0.075825,7.582
A*,2021-2025,IT,2144,28856,117480,Italy,True,0.0743,7.43
A*,2021-2025,IN,2080,28856,117480,India,False,0.072082,7.208
A*,2021-2025,SE,1372,28856,117480,Sweden,True,0.047546,4.755
A*,2021-2025,AT,1256,28856,117480,Austria,True,0.043526,4.353
A*,2021-2025,DK,1127,28856,117480,Denmark,True,0.039056,3.906
A*,2021-2025,TW,1013,28856,117480,Taiwan,False,0.035105,3.511
A*,2021-2025,ES,1010,28856,117480,Spain,True,0.035001,3.5
A*,2021-2025,AE,950,28856,117480,AE,False,0.032922,3.292
A*,2021-2025,PL,764,28856,117480,Poland,True,0.026476,2.648
A*,2021-2025,RU,669,28856,117480,RU,False,0.023184,2.318
A*,2021-2025,FI,645,28856,117480,Finland,True,0.022352,2.235
A*,2021-2025,BE,638,28856,117480,Belgium,True,0.02211,2.211
A*,2021-2025,MO,492,28856,117480,MO,False,0.01705,1.705
A*,2021-2025,SA,488,28856,117480,SA,False,0.016912,1.691
A*,2021-2025,CZ,440,28856,117480,Czechia,True,0.015248,1.525
A*,2021-2025,NO,387,28856,117480,Norway,False,0.013411,1.341
A*,2021-2025,GR,361,28856,117480,Greece,True,0.01251,1.251
A*,2021-2025,NZ,316,28856,117480,NZ,False,0.010951,1.095
A*,2021-2025,MX,287,28856,117480,MX,False,0.009946,0.995
A*,2021-2025,PT,285,28856,117480,Portugal,True,0.009877,0.988
A*,2021-2025,IE,265,28856,117480,Ireland,True,0.009184,0.918
A*,2021-2025,VN,257,28856,117480,VN,False,0.008906,0.891
A*,2021-2025,BR,249,28856,117480,Brazil,False,0.008629,0.863
A*,2021-2025,KY,201,28856,117480,KY,False,0.006966,0.697
A*,2021-2025,BD,160,28856,117480,BD,False,0.005545,0.554
A*,2021-2025,LU,155,28856,117480,LU,True,0.005371,0.537
A*,2021-2025,TR,138,28856,117480,TR,False,0.004782,0.478
A*,2021-2025,CL,128,28856,117480,CL,False,0.004436,0.444
A*,2021-2025,IR,127,28856,117480,IR,False,0.004401,0.44
A*,2021-2025,HU,80,28856,117480,HU,True,0.002772,0.277
A*,2021-2025,MY,79,28856,117480,MY,False,0.002738,0.274
A*,2021-2025,ZA,79,28856,117480,ZA,False,0.002738,0.274
A*,2021-2025,BG,77,28856,117480,BG,True,0.002668,0.267
A*,2021-2025,PK,76,28856,117480,PK,False,0.002634,0.263
A*,2021-2025,SK,74,28856,117480,SK,True,0.002564,0.256
A*,2021-2025,QA,72,28856,117480,QA,False,0.002495,0.25
A*,2021-2025,RO,70,28856,117480,RO,True,0.002426,0.243
A*,2021-2025,TH,69,28856,117480,TH,False,0.002391,0.239
A*,2021-2025,JM,63,28856,117480,JM,False,0.002183,0.218
A*,2021-2025,SI,62,28856,117480,SI,True,0.002149,0.215
A*,2021-2025,DZ,59,28856,117480,DZ,False,0.002045,0.204
A*,2021-2025,CY,55,28856,117480,CY,True,0.001906,0.191
A*,2021-2025,MK,54,28856,117480,MK,False,0.001871,0.187
A*,2021-2025,AR,51,28856,117480,AR,False,0.001767,0.177
A*,2021-2025,EG,48,28856,117480,EG,False,0.001663,0.166
A*,2021-2025,ID,44,28856,117480,ID,False,0.001525,0.152
A*,2021-2025,EE,39,28856,117480,EE,True,0.001352,0.135
A*,2021-2025,CO,31,28856,117480,CO,False,0.001074,0.107
A*,2021-2025,KP,27,28856,117480,KP,False,0.000936,0.094
A*,2021-2025,NG,26,28856,117480,NG,False,0.000901,0.09
A*,2021-2025,SS,26,28856,117480,SS,False,0.000901,0.09
A*,2021-2025,ET,22,28856,117480,ET,False,0.000762,0.076
A*,2021-2025,HR,22,28856,117480,HR,True,0.000762,0.076
A*,2021-2025,BI,21,28856,117480,BI,False,0.000728,0.073
A*,2021-2025,IS,21,28856,117480,IS,False,0.000728,0.073
A*,2021-2025,UA,20,28856,117480,UA,False,0.000693,0.069
A*,2021-2025,PH,19,28856,117480,PH,False,0.000658,0.066
A*,2021-2025,ZW,19,28856,117480,ZW,False,0.000658,0.066
A*,2021-2025,RS,18,28856,117480,RS,False,0.000624,0.062
A*,2021-2025,EC,17,28856,117480,EC,False,0.000589,0.059
A*,2021-2025,CR,15,28856,117480,CR,False,0.00052,0.052
A*,2021-2025,GH,15,28856,117480,GH,False,0.00052,0.052
A*,2021-2025,LB,15,28856,117480,LB,False,0.00052,0.052
A*,2021-2025,ME,14,28856,117480,ME,False,0.000485,0.049
A*,2021-2025,KE,13,28856,117480,KE,False,0.000451,0.045
A*,2021-2025,LK,13,28856,117480,LK,False,0.000451,0.045
A*,2021-2025,DO,12,28856,117480,DO,False,0.000416,0.042
A*,2021-2025,TN,12,28856,117480,TN,False,0.000416,0.042
A*,2021-2025,KZ,11,28856,117480,KZ,False,0.000381,0.038
A*,2021-2025,PS,11,28856,117480,PS,False,0.000381,0.038
A*,2021-2025,RW,10,28856,117480,RW,False,0.000347,0.035
A*,2021-2025,AM,9,28856,117480,AM,False,0.000312,0.031
A*,2021-2025,MA,9,28856,117480,MA,False,0.000312,0.031
A*,2021-2025,MW,9,28856,117480,MW,False,0.000312,0.031
A*,2021-2025,PE,9,28856,117480,PE,False,0.000312,0.031
A*,2021-2025,YE,9,28856,117480,YE,False,0.000312,0.031
A*,2021-2025,CM,8,28856,117480,CM,False,0.000277,0.028
A*,2021-2025,LV,8,28856,117480,LV,True,0.000277,0.028
A*,2021-2025,PR,8,28856,117480,PR,False,0.000277,0.028
A*,2021-2025,TZ,7,28856,117480,TZ,False,0.000243,0.024
A*,2021-2025,BY,6,28856,117480,BY,False,0.000208,0.021
A*,2021-2025,MN,6,28856,117480,MN,False,0.000208,0.021
A*,2021-2025,TD,6,28856,117480,TD,False,0.000208,0.021
A*,2021-2025,UZ,6,28856,117480,UZ,False,0.000208,0.021
A*,2021-2025,GE,5,28856,117480,GE,False,0.000173,0.017
A*,2021-2025,KW,5,28856,117480,KW,False,0.000173,0.017
A*,2021-2025,LT,5,28856,117480,LT,True,0.000173,0.017
A*,2021-2025,LY,5,28856,117480,LY,False,0.000173,0.017
A*,2021-2025,MT,5,28856,117480,MT,True,0.000173,0.017
A*,2021-2025,OM,5,28856,117480,OM,False,0.000173,0.017
A*,2021-2025,TJ,5,28856,117480,TJ,False,0.000173,0.017
A*,2021-2025,UG,5,28856,117480,UG,False,0.000173,0.017
A*,2021-2025,AL,4,28856,117480,AL,False,0.000139,0.014
A*,2021-2025,AS,4,28856,117480,AS,False,0.000139,0.014
A*,2021-2025,BH,4,28856,117480,BH,False,0.000139,0.014
A*,2021-2025,CX,4,28856,117480,CX,False,0.000139,0.014
A*,2021-2025,JO,4,28856,117480,JO,False,0.000139,0.014
A*,2021-2025,KH,4,28856,117480,KH,False,0.000139,0.014
A*,2021-2025,NP,4,28856,117480,NP,False,0.000139,0.014
A*,2021-2025,UY,4,28856,117480,UY,False,0.000139,0.014
A*,2021-2025,AF,3,28856,117480,AF,False,0.000104,0.01
A*,2021-2025,BA,3,28856,117480,BA,False,0.000104,0.01
A*,2021-2025,BO,3,28856,117480,BO,False,0.000104,0.01
A*,2021-2025,CI,3,28856,117480,CI,False,0.000104,0.01
A*,2021-2025,LI,3,28856,117480,LI,False,0.000104,0.01
A*,2021-2025,UM,3,28856,117480,UM,False,0.000104,0.01
A*,2021-2025,BS,2,28856,117480,BS,False,6.9e-05,0.007
A*,2021-2025,BW,2,28856,117480,BW,False,6.9e-05,0.007
A*,2021-2025,IQ,2,28856,117480,IQ,False,6.9e-05,0.007
A*,2021-2025,KN,2,28856,117480,KN,False,6.9e-05,0.007
A*,2021-2025,NC,2,28856,117480,NC,False,6.9e-05,0.007
A*,2021-2025,NI,2,28856,117480,NI,False,6.9e-05,0.007
A*,2021-2025,PA,2,28856,117480,PA,False,6.9e-05,0.007
A*,2021-2025,PF,2,28856,117480,PF,False,6.9e-05,0.007
A*,2021-2025,SN,2,28856,117480,SN,False,6.9e-05,0.007
A*,2021-2025,SO,2,28856,117480,SO,False,6.9e-05,0.007
A*,2021-2025,TV,2,28856,117480,TV,False,6.9e-05,0.007
A*,2021-2025,VI,2,28856,117480,VI,False,6.9e-05,0.007
A*,2021-2025,ZM,2,28856,117480,ZM,False,6.9e-05,0.007
A*,2021-2025,AO,1,28856,117480,AO,False,3.5e-05,0.003
A*,2021-2025,BB,1,28856,117480,BB,False,3.5e-05,0.003
A*,2021-2025,BJ,1,28856,117480,BJ,False,3.5e-05,0.003
A*,2021-2025,CU,1,28856,117480,CU,False,3.5e-05,0.003
A*,2021-2025,FM,1,28856,117480,FM,False,3.5e-05,0.003
A*,2021-2025,GT,1,28856,117480,GT,False,3.5e-05,0.003
A*,2021-2025,IO,1,28856,117480,IO,False,3.5e-05,0.003
A*,2021-2025,KG,1,28856,117480,KG,False,3.5e-05,0.003
A*,2021-2025,MG,1,28856,117480,MG,False,3.5e-05,0.003
A*,2021-2025,MZ,1,28856,117480,MZ,False,3.5e-05,0.003
A*,2021-2025,PY,1,28856,117480,PY,False,3.5e-05,0.003
A*,2021-2025,RE,1,28856,117480,RE,False,3.5e-05,0.003
A*,2021-2025,TG,1,28856,117480,TG,False,3.5e-05,0.003
A*,2021-2025,TM,1,28856,117480,TM,False,3.5e-05,0.003
A*,2021-2025,TT,1,28856,117480,TT,False,3.5e-05,0.003
A*,2021-2025,VE,1,28856,117480,VE,False,3.5e-05,0.003
A*,2021-2025,VG,1,28856,117480,VG,False,3.5e-05,0.003
A*,2021-2025,XK,1,28856,117480,XK,False,3.5e-05,0.003
A,2001-2005,US,11316,9108,25435,United States,False,1.242424,124.242
A,2001-2005,JP,2165,9108,25435,Japan,False,0.237703,23.77
A,2001-2005,DE,1985,9108,25435,Germany,True,0.21794,21.794
A,2001-2005,GB,1769,9108,25435,United Kingdom,True,0.194225,19.422
A,2001-2005,FR,1569,9108,25435,France,True,0.172266,17.227
A,2001-2005,CA,1316,9108,25435,Canada,False,0.144488,14.449
A,2001-2005,IT,971,9108,25435,Italy,True,0.10661,10.661
A,2001-2005,NL,813,9108,25435,Netherlands,True,0.089262,8.926
A,2001-2005,ES,684,9108,25435,Spain,True,0.075099,7.51
A,2001-2005,CN,683,9108,25435,China,False,0.074989,7.499
A,2001-2005,AU,589,9108,25435,Australia,False,0.064668,6.467
A,2001-2005,CH,570,9108,25435,Switzerland,False,0.062582,6.258
A,2001-2005,KR,546,9108,25435,South Korea,False,0.059947,5.995
A,2001-2005,TW,482,9108,25435,Taiwan,False,0.052921,5.292
A,2001-2005,IL,428,9108,25435,Israel,False,0.046992,4.699
A,2001-2005,SG,387,9108,25435,Singapore,False,0.04249,4.249
A,2001-2005,SE,367,9108,25435,Sweden,True,0.040294,4.029
A,2001-2005,BE,323,9108,25435,Belgium,True,0.035463,3.546
A,2001-2005,IN,279,9108,25435,India,False,0.030632,3.063
A,2001-2005,HK,269,9108,25435,Hong Kong,False,0.029534,2.953
A,2001-2005,BR,252,9108,25435,Brazil,False,0.027668,2.767
A,2001-2005,GR,229,9108,25435,Greece,True,0.025143,2.514
A,2001-2005,FI,204,9108,25435,Finland,True,0.022398,2.24
A,2001-2005,AT,194,9108,25435,Austria,True,0.0213,2.13
A,2001-2005,PT,171,9108,25435,Portugal,True,0.018775,1.877
A,2001-2005,IE,167,9108,25435,Ireland,True,0.018336,1.834
A,2001-2005,DK,142,9108,25435,Denmark,True,0.015591,1.559
A,2001-2005,CZ,134,9108,25435,Czechia,True,0.014712,1.471
A,2001-2005,HU,90,9108,25435,HU,True,0.009881,0.988
A,2001-2005,PL,89,9108,25435,Poland,True,0.009772,0.977
A,2001-2005,NO,80,9108,25435,Norway,False,0.008783,0.878
A,2001-2005,MX,74,9108,25435,MX,False,0.008125,0.812
A,2001-2005,RU,62,9108,25435,RU,False,0.006807,0.681
A,2001-2005,NZ,57,9108,25435,NZ,False,0.006258,0.626
A,2001-2005,TR,52,9108,25435,TR,False,0.005709,0.571
A,2001-2005,IR,49,9108,25435,IR,False,0.00538,0.538
A,2001-2005,SI,48,9108,25435,SI,True,0.00527,0.527
A,2001-2005,TH,39,9108,25435,TH,False,0.004282,0.428
A,2001-2005,RO,22,9108,25435,RO,True,0.002415,0.242
A,2001-2005,SK,22,9108,25435,SK,True,0.002415,0.242
A,2001-2005,AR,20,9108,25435,AR,False,0.002196,0.22
A,2001-2005,BI,20,9108,25435,BI,False,0.002196,0.22
A,2001-2005,CL,20,9108,25435,CL,False,0.002196,0.22
A,2001-2005,EG,18,9108,25435,EG,False,0.001976,0.198
A,2001-2005,BG,17,9108,25435,BG,True,0.001866,0.187
A,2001-2005,CO,14,9108,25435,CO,False,0.001537,0.154
A,2001-2005,CY,14,9108,25435,CY,True,0.001537,0.154
A,2001-2005,TN,14,9108,25435,TN,False,0.001537,0.154
A,2001-2005,ZA,12,9108,25435,ZA,False,0.001318,0.132
A,2001-2005,AE,11,9108,25435,AE,False,0.001208,0.121
A,2001-2005,EE,11,9108,25435,EE,True,0.001208,0.121
A,2001-2005,HR,11,9108,25435,HR,True,0.001208,0.121
A,2001-2005,MY,11,9108,25435,MY,False,0.001208,0.121
A,2001-2005,LU,10,9108,25435,LU,True,0.001098,0.11
A,2001-2005,BM,9,9108,25435,BM,False,0.000988,0.099
A,2001-2005,BY,9,9108,25435,BY,False,0.000988,0.099
A,2001-2005,BN,8,9108,25435,BN,False,0.000878,0.088
A,2001-2005,LV,8,9108,25435,LV,True,0.000878,0.088
A,2001-2005,PH,8,9108,25435,PH,False,0.000878,0.088
A,2001-2005,PK,8,9108,25435,PK,False,0.000878,0.088
A,2001-2005,DZ,7,9108,25435,DZ,False,0.000769,0.077
A,2001-2005,IS,7,9108,25435,IS,False,0.000769,0.077
A,2001-2005,SA,6,9108,25435,SA,False,0.000659,0.066
A,2001-2005,VE,6,9108,25435,VE,False,0.000659,0.066
A,2001-2005,UA,5,9108,25435,UA,False,0.000549,0.055
A,2001-2005,LB,4,9108,25435,LB,False,0.000439,0.044
A,2001-2005,LT,4,9108,25435,LT,True,0.000439,0.044
A,2001-2005,MA,4,9108,25435,MA,False,0.000439,0.044
A,2001-2005,MO,4,9108,25435,MO,False,0.000439,0.044
A,2001-2005,RS,4,9108,25435,RS,False,0.000439,0.044
A,2001-2005,SS,4,9108,25435,SS,False,0.000439,0.044
A,2001-2005,BD,3,9108,25435,BD,False,0.000329,0.033
A,2001-2005,GP,3,9108,25435,GP,False,0.000329,0.033
A,2001-2005,KE,3,9108,25435,KE,False,0.000329,0.033
A,2001-2005,OM,3,9108,25435,OM,False,0.000329,0.033
A,2001-2005,PR,3,9108,25435,PR,False,0.000329,0.033
A,2001-2005,BO,2,9108,25435,BO,False,0.00022,0.022
A,2001-2005,CU,2,9108,25435,CU,False,0.00022,0.022
A,2001-2005,DO,2,9108,25435,DO,False,0.00022,0.022
A,2001-2005,GH,2,9108,25435,GH,False,0.00022,0.022
A,2001-2005,KW,2,9108,25435,KW,False,0.00022,0.022
A,2001-2005,MD,2,9108,25435,MD,False,0.00022,0.022
A,2001-2005,NG,2,9108,25435,NG,False,0.00022,0.022
A,2001-2005,QA,2,9108,25435,QA,False,0.00022,0.022
A,2001-2005,TJ,2,9108,25435,TJ,False,0.00022,0.022
A,2001-2005,VG,2,9108,25435,VG,False,0.00022,0.022
A,2001-2005,VN,2,9108,25435,VN,False,0.00022,0.022
A,2001-2005,CI,1,9108,25435,CI,False,0.00011,0.011
A,2001-2005,CR,1,9108,25435,CR,False,0.00011,0.011
A,2001-2005,EC,1,9108,25435,EC,False,0.00011,0.011
A,2001-2005,ID,1,9108,25435,ID,False,0.00011,0.011
A,2001-2005,JM,1,9108,25435,JM,False,0.00011,0.011
A,2001-2005,JO,1,9108,25435,JO,False,0.00011,0.011
A,2001-2005,LK,1,9108,25435,LK,False,0.00011,0.011
A,2001-2005,MK,1,9108,25435,MK,False,0.00011,0.011
A,2001-2005,MQ,1,9108,25435,MQ,False,0.00011,0.011
A,2001-2005,MU,1,9108,25435,MU,False,0.00011,0.011
A,2006-2010,US,14101,13833,35365,United States,False,1.019374,101.937
A,2006-2010,DE,3357,13833,35365,Germany,True,0.242681,24.268
A,2006-2010,GB,2793,13833,35365,United Kingdom,True,0.201908,20.191
A,2006-2010,JP,2533,13833,35365,Japan,False,0.183113,18.311
A,2006-2010,FR,2505,13833,35365,France,True,0.181089,18.109
A,2006-2010,CN,2275,13833,35365,China,False,0.164462,16.446
A,2006-2010,CA,2054,13833,35365,Canada,False,0.148486,14.849
A,2006-2010,IT,1362,13833,35365,Italy,True,0.09846,9.846
A,2006-2010,ES,1152,13833,35365,Spain,True,0.083279,8.328
A,2006-2010,NL,1105,13833,35365,Netherlands,True,0.079881,7.988
A,2006-2010,CH,1033,13833,35365,Switzerland,False,0.074676,7.468
A,2006-2010,AU,953,13833,35365,Australia,False,0.068893,6.889
A,2006-2010,TW,668,13833,35365,Taiwan,False,0.04829,4.829
A,2006-2010,KR,662,13833,35365,South Korea,False,0.047857,4.786
A,2006-2010,IL,552,13833,35365,Israel,False,0.039905,3.99
A,2006-2010,IN,552,13833,35365,India,False,0.039905,3.99
A,2006-2010,SG,538,13833,35365,Singapore,False,0.038893,3.889
A,2006-2010,BE,488,13833,35365,Belgium,True,0.035278,3.528
A,2006-2010,SE,474,13833,35365,Sweden,True,0.034266,3.427
A,2006-2010,HK,418,13833,35365,Hong Kong,False,0.030218,3.022
A,2006-2010,AT,379,13833,35365,Austria,True,0.027398,2.74
A,2006-2010,BR,355,13833,35365,Brazil,False,0.025663,2.566
A,2006-2010,GR,349,13833,35365,Greece,True,0.02523,2.523
A,2006-2010,PT,320,13833,35365,Portugal,True,0.023133,2.313
A,2006-2010,FI,312,13833,35365,Finland,True,0.022555,2.255
A,2006-2010,IE,290,13833,35365,Ireland,True,0.020964,2.096
A,2006-2010,DK,234,13833,35365,Denmark,True,0.016916,1.692
A,2006-2010,NO,203,13833,35365,Norway,False,0.014675,1.468
A,2006-2010,CZ,173,13833,35365,Czechia,True,0.012506,1.251
A,2006-2010,MX,149,13833,35365,MX,False,0.010771,1.077
A,2006-2010,IR,145,13833,35365,IR,False,0.010482,1.048
A,2006-2010,NZ,144,13833,35365,NZ,False,0.01041,1.041
A,2006-2010,TR,141,13833,35365,TR,False,0.010193,1.019
A,2006-2010,PL,130,13833,35365,Poland,True,0.009398,0.94
A,2006-2010,HU,99,13833,35365,HU,True,0.007157,0.716
A,2006-2010,RU,67,13833,35365,RU,False,0.004843,0.484
A,2006-2010,LU,53,13833,35365,LU,True,0.003831,0.383
A,2006-2010,RO,53,13833,35365,RO,True,0.003831,0.383
A,2006-2010,PK,52,13833,35365,PK,False,0.003759,0.376
A,2006-2010,CL,45,13833,35365,CL,False,0.003253,0.325
A,2006-2010,TN,45,13833,35365,TN,False,0.003253,0.325
A,2006-2010,SI,41,13833,35365,SI,True,0.002964,0.296
A,2006-2010,TH,40,13833,35365,TH,False,0.002892,0.289
A,2006-2010,AR,35,13833,35365,AR,False,0.00253,0.253
A,2006-2010,EG,34,13833,35365,EG,False,0.002458,0.246
A,2006-2010,ZA,34,13833,35365,ZA,False,0.002458,0.246
A,2006-2010,EE,22,13833,35365,EE,True,0.00159,0.159
A,2006-2010,MY,21,13833,35365,MY,False,0.001518,0.152
A,2006-2010,CO,20,13833,35365,CO,False,0.001446,0.145
A,2006-2010,SA,20,13833,35365,SA,False,0.001446,0.145
A,2006-2010,SK,20,13833,35365,SK,True,0.001446,0.145
A,2006-2010,CY,19,13833,35365,CY,True,0.001374,0.137
A,2006-2010,AE,15,13833,35365,AE,False,0.001084,0.108
A,2006-2010,DZ,15,13833,35365,DZ,False,0.001084,0.108
A,2006-2010,BM,14,13833,35365,BM,False,0.001012,0.101
A,2006-2010,BI,13,13833,35365,BI,False,0.00094,0.094
A,2006-2010,VN,13,13833,35365,VN,False,0.00094,0.094
A,2006-2010,BD,12,13833,35365,BD,False,0.000867,0.087
A,2006-2010,RS,12,13833,35365,RS,False,0.000867,0.087
A,2006-2010,BG,11,13833,35365,BG,True,0.000795,0.08
A,2006-2010,KW,11,13833,35365,KW,False,0.000795,0.08
A,2006-2010,LB,10,13833,35365,LB,False,0.000723,0.072
A,2006-2010,MA,10,13833,35365,MA,False,0.000723,0.072
A,2006-2010,MO,9,13833,35365,MO,False,0.000651,0.065
A,2006-2010,IS,8,13833,35365,IS,False,0.000578,0.058
A,2006-2010,SS,8,13833,35365,SS,False,0.000578,0.058
A,2006-2010,VE,8,13833,35365,VE,False,0.000578,0.058
A,2006-2010,BN,7,13833,35365,BN,False,0.000506,0.051
A,2006-2010,BY,7,13833,35365,BY,False,0.000506,0.051
A,2006-2010,HR,7,13833,35365,HR,True,0.000506,0.051
A,2006-2010,JO,7,13833,35365,JO,False,0.000506,0.051
A,2006-2010,CU,6,13833,35365,CU,False,0.000434,0.043
A,2006-2010,QA,6,13833,35365,QA,False,0.000434,0.043
A,2006-2010,MK,5,13833,35365,MK,False,0.000361,0.036
A,2006-2010,MT,5,13833,35365,MT,True,0.000361,0.036
A,2006-2010,NG,5,13833,35365,NG,False,0.000361,0.036
A,2006-2010,OM,5,13833,35365,OM,False,0.000361,0.036
A,2006-2010,PH,5,13833,35365,PH,False,0.000361,0.036
A,2006-2010,PR,5,13833,35365,PR,False,0.000361,0.036
A,2006-2010,PS,5,13833,35365,PS,False,0.000361,0.036
A,2006-2010,UA,5,13833,35365,UA,False,0.000361,0.036
A,2006-2010,ZW,4,13833,35365,ZW,False,0.000289,0.029
A,2006-2010,EC,3,13833,35365,EC,False,0.000217,0.022
A,2006-2010,KE,3,13833,35365,KE,False,0.000217,0.022
A,2006-2010,LK,3,13833,35365,LK,False,0.000217,0.022
A,2006-2010,LT,3,13833,35365,LT,True,0.000217,0.022
A,2006-2010,PA,3,13833,35365,PA,False,0.000217,0.022
A,2006-2010,UY,3,13833,35365,UY,False,0.000217,0.022
A,2006-2010,DO,2,13833,35365,DO,False,0.000145,0.014
A,2006-2010,JM,2,13833,35365,JM,False,0.000145,0.014
A,2006-2010,KH,2,13833,35365,KH,False,0.000145,0.014
A,2006-2010,TJ,2,13833,35365,TJ,False,0.000145,0.014
A,2006-2010,AF,1,13833,35365,AF,False,7.2e-05,0.007
A,2006-2010,BB,1,13833,35365,BB,False,7.2e-05,0.007
A,2006-2010,BH,1,13833,35365,BH,False,7.2e-05,0.007
A,2006-2010,BS,1,13833,35365,BS,False,7.2e-05,0.007
A,2006-2010,CR,1,13833,35365,CR,False,7.2e-05,0.007
A,2006-2010,DJ,1,13833,35365,DJ,False,7.2e-05,0.007
A,2006-2010,ET,1,13833,35365,ET,False,7.2e-05,0.007
A,2006-2010,FJ,1,13833,35365,FJ,False,7.2e-05,0.007
A,2006-2010,GF,1,13833,35365,GF,False,7.2e-05,0.007
A,2006-2010,KP,1,13833,35365,KP,False,7.2e-05,0.007
A,2006-2010,LV,1,13833,35365,LV,True,7.2e-05,0.007
A,2006-2010,MD,1,13833,35365,MD,False,7.2e-05,0.007
A,2006-2010,ME,1,13833,35365,ME,False,7.2e-05,0.007
A,2006-2010,NC,1,13833,35365,NC,False,7.2e-05,0.007
A,2006-2010,NP,1,13833,35365,NP,False,7.2e-05,0.007
A,2006-2010,PF,1,13833,35365,PF,False,7.2e-05,0.007
A,2006-2010,PY,1,13833,35365,PY,False,7.2e-05,0.007
A,2006-2010,SY,1,13833,35365,SY,False,7.2e-05,0.007
A,2006-2010,TT,1,13833,35365,TT,False,7.2e-05,0.007
A,2006-2010,TZ,1,13833,35365,TZ,False,7.2e-05,0.007
A,2006-2010,UG,1,13833,35365,UG,False,7.2e-05,0.007
A,2006-2010,VG,1,13833,35365,VG,False,7.2e-05,0.007
A,2011-2015,US,14822,14544,35789,United States,False,1.019114,101.911
A,2011-2015,DE,3908,14544,35789,Germany,True,0.268702,26.87
A,2011-2015,GB,2827,14544,35789,United Kingdom,True,0.194376,19.438
A,2011-2015,CN,2797,14544,35789,China,False,0.192313,19.231
A,2011-2015,FR,2563,14544,35789,France,True,0.176224,17.622
A,2011-2015,CA,2034,14544,35789,Canada,False,0.139851,13.985
A,2011-2015,JP,1749,14544,35789,Japan,False,0.120256,12.026
A,2011-2015,IT,1478,14544,35789,Italy,True,0.101623,10.162
A,2011-2015,CH,1246,14544,35789,Switzerland,False,0.085671,8.567
A,2011-2015,AU,1221,14544,35789,Australia,False,0.083952,8.395
A,2011-2015,ES,1196,14544,35789,Spain,True,0.082233,8.223
A,2011-2015,NL,1112,14544,35789,Netherlands,True,0.076458,7.646
A,2011-2015,SG,744,14544,35789,Singapore,False,0.051155,5.116
A,2011-2015,IN,690,14544,35789,India,False,0.047442,4.744
A,2011-2015,IL,654,14544,35789,Israel,False,0.044967,4.497
A,2011-2015,KR,648,14544,35789,South Korea,False,0.044554,4.455
A,2011-2015,SE,605,14544,35789,Sweden,True,0.041598,4.16
A,2011-2015,AT,582,14544,35789,Austria,True,0.040017,4.002
A,2011-2015,BR,522,14544,35789,Brazil,False,0.035891,3.589
A,2011-2015,BE,514,14544,35789,Belgium,True,0.035341,3.534
A,2011-2015,TW,507,14544,35789,Taiwan,False,0.03486,3.486
A,2011-2015,HK,429,14544,35789,Hong Kong,False,0.029497,2.95
A,2011-2015,PT,378,14544,35789,Portugal,True,0.02599,2.599
A,2011-2015,GR,346,14544,35789,Greece,True,0.02379,2.379
A,2011-2015,FI,315,14544,35789,Finland,True,0.021658,2.166
A,2011-2015,DK,302,14544,35789,Denmark,True,0.020765,2.076
A,2011-2015,IE,281,14544,35789,Ireland,True,0.019321,1.932
A,2011-2015,NO,280,14544,35789,Norway,False,0.019252,1.925
A,2011-2015,CZ,219,14544,35789,Czechia,True,0.015058,1.506
A,2011-2015,NZ,160,14544,35789,NZ,False,0.011001,1.1
A,2011-2015,PL,150,14544,35789,Poland,True,0.010314,1.031
A,2011-2015,RU,133,14544,35789,RU,False,0.009145,0.914
A,2011-2015,MX,123,14544,35789,MX,False,0.008457,0.846
A,2011-2015,TR,120,14544,35789,TR,False,0.008251,0.825
A,2011-2015,HU,103,14544,35789,HU,True,0.007082,0.708
A,2011-2015,LU,99,14544,35789,LU,True,0.006807,0.681
A,2011-2015,CL,93,14544,35789,CL,False,0.006394,0.639
A,2011-2015,IR,85,14544,35789,IR,False,0.005844,0.584
A,2011-2015,QA,81,14544,35789,QA,False,0.005569,0.557
A,2011-2015,PK,71,14544,35789,PK,False,0.004882,0.488
A,2011-2015,SA,66,14544,35789,SA,False,0.004538,0.454
A,2011-2015,RO,64,14544,35789,RO,True,0.0044,0.44
A,2011-2015,EE,55,14544,35789,EE,True,0.003782,0.378
A,2011-2015,EG,54,14544,35789,EG,False,0.003713,0.371
A,2011-2015,ZA,52,14544,35789,ZA,False,0.003575,0.358
A,2011-2015,TN,48,14544,35789,TN,False,0.0033,0.33
A,2011-2015,SI,41,14544,35789,SI,True,0.002819,0.282
A,2011-2015,AR,40,14544,35789,AR,False,0.00275,0.275
A,2011-2015,TH,39,14544,35789,TH,False,0.002682,0.268
A,2011-2015,CY,32,14544,35789,CY,True,0.0022,0.22
A,2011-2015,CO,31,14544,35789,CO,False,0.002131,0.213
A,2011-2015,MY,31,14544,35789,MY,False,0.002131,0.213
A,2011-2015,DZ,28,14544,35789,DZ,False,0.001925,0.193
A,2011-2015,SK,27,14544,35789,SK,True,0.001856,0.186
A,2011-2015,AE,24,14544,35789,AE,False,0.00165,0.165
A,2011-2015,VN,21,14544,35789,VN,False,0.001444,0.144
A,2011-2015,LB,18,14544,35789,LB,False,0.001238,0.124
A,2011-2015,HR,16,14544,35789,HR,True,0.0011,0.11
A,2011-2015,RS,15,14544,35789,RS,False,0.001031,0.103
A,2011-2015,BD,14,14544,35789,BD,False,0.000963,0.096
A,2011-2015,MA,14,14544,35789,MA,False,0.000963,0.096
A,2011-2015,MO,14,14544,35789,MO,False,0.000963,0.096
A,2011-2015,LV,13,14544,35789,LV,True,0.000894,0.089
A,2011-2015,IS,12,14544,35789,IS,False,0.000825,0.083
A,2011-2015,PH,10,14544,35789,PH,False,0.000688,0.069
A,2011-2015,BG,8,14544,35789,BG,True,0.00055,0.055
A,2011-2015,BI,8,14544,35789,BI,False,0.00055,0.055
A,2011-2015,CU,8,14544,35789,CU,False,0.00055,0.055
A,2011-2015,JO,8,14544,35789,JO,False,0.00055,0.055
A,2011-2015,ID,7,14544,35789,ID,False,0.000481,0.048
A,2011-2015,MT,7,14544,35789,MT,True,0.000481,0.048
A,2011-2015,BA,6,14544,35789,BA,False,0.000413,0.041
A,2011-2015,BM,6,14544,35789,BM,False,0.000413,0.041
A,2011-2015,CM,6,14544,35789,CM,False,0.000413,0.041
A,2011-2015,CR,6,14544,35789,CR,False,0.000413,0.041
A,2011-2015,EC,6,14544,35789,EC,False,0.000413,0.041
A,2011-2015,PE,6,14544,35789,PE,False,0.000413,0.041
A,2011-2015,LK,5,14544,35789,LK,False,0.000344,0.034
A,2011-2015,PR,5,14544,35789,PR,False,0.000344,0.034
A,2011-2015,UY,5,14544,35789,UY,False,0.000344,0.034
A,2011-2015,SS,4,14544,35789,SS,False,0.000275,0.028
A,2011-2015,UG,4,14544,35789,UG,False,0.000275,0.028
A,2011-2015,KE,3,14544,35789,KE,False,0.000206,0.021
A,2011-2015,KW,3,14544,35789,KW,False,0.000206,0.021
A,2011-2015,TJ,3,14544,35789,TJ,False,0.000206,0.021
A,2011-2015,UA,3,14544,35789,UA,False,0.000206,0.021
A,2011-2015,VE,3,14544,35789,VE,False,0.000206,0.021
A,2011-2015,AM,2,14544,35789,AM,False,0.000138,0.014
A,2011-2015,BO,2,14544,35789,BO,False,0.000138,0.014
A,2011-2015,BY,2,14544,35789,BY,False,0.000138,0.014
A,2011-2015,DO,2,14544,35789,DO,False,0.000138,0.014
A,2011-2015,KH,2,14544,35789,KH,False,0.000138,0.014
A,2011-2015,KZ,2,14544,35789,KZ,False,0.000138,0.014
A,2011-2015,LI,2,14544,35789,LI,False,0.000138,0.014
A,2011-2015,MD,2,14544,35789,MD,False,0.000138,0.014
A,2011-2015,SN,2,14544,35789,SN,False,0.000138,0.014
A,2011-2015,TZ,2,14544,35789,TZ,False,0.000138,0.014
A,2011-2015,ZW,2,14544,35789,ZW,False,0.000138,0.014
A,2011-2015,AF,1,14544,35789,AF,False,6.9e-05,0.007
A,2011-2015,AL,1,14544,35789,AL,False,6.9e-05,0.007
A,2011-2015,AZ,1,14544,35789,AZ,False,6.9e-05,0.007
A,2011-2015,BH,1,14544,35789,BH,False,6.9e-05,0.007
A,2011-2015,ET,1,14544,35789,ET,False,6.9e-05,0.007
A,2011-2015,FO,1,14544,35789,FO,False,6.9e-05,0.007
A,2011-2015,HN,1,14544,35789,HN,False,6.9e-05,0.007
A,2011-2015,IQ,1,14544,35789,IQ,False,6.9e-05,0.007
A,2011-2015,JM,1,14544,35789,JM,False,6.9e-05,0.007
A,2011-2015,LT,1,14544,35789,LT,True,6.9e-05,0.007
A,2011-2015,LY,1,14544,35789,LY,False,6.9e-05,0.007
A,2011-2015,MK,1,14544,35789,MK,False,6.9e-05,0.007
A,2011-2015,ML,1,14544,35789,ML,False,6.9e-05,0.007
A,2011-2015,MN,1,14544,35789,MN,False,6.9e-05,0.007
A,2011-2015,NG,1,14544,35789,NG,False,6.9e-05,0.007
A,2011-2015,NP,1,14544,35789,NP,False,6.9e-05,0.007
A,2011-2015,OM,1,14544,35789,OM,False,6.9e-05,0.007
A,2011-2015,PA,1,14544,35789,PA,False,6.9e-05,0.007
A,2011-2015,RE,1,14544,35789,RE,False,6.9e-05,0.007
A,2011-2015,YE,1,14544,35789,YE,False,6.9e-05,0.007
A,2016-2020,US,16247,14816,40105,United States,False,1.096585,109.658
A,2016-2020,CN,5922,14816,40105,China,False,0.399703,39.97
A,2016-2020,DE,3996,14816,40105,Germany,True,0.269708,26.971
A,2016-2020,GB,3508,14816,40105,United Kingdom,True,0.236771,23.677
A,2016-2020,FR,2272,14816,40105,France,True,0.153348,15.335
A,2016-2020,CA,2147,14816,40105,Canada,False,0.144911,14.491
A,2016-2020,JP,1595,14816,40105,Japan,False,0.107654,10.765
A,2016-2020,AU,1593,14816,40105,Australia,False,0.107519,10.752
A,2016-2020,IT,1444,14816,40105,Italy,True,0.097462,9.746
A,2016-2020,CH,1329,14816,40105,Switzerland,False,0.0897,8.97
A,2016-2020,NL,1265,14816,40105,Netherlands,True,0.085381,8.538
A,2016-2020,IN,1037,14816,40105,India,False,0.069992,6.999
A,2016-2020,KR,967,14816,40105,South Korea,False,0.065267,6.527
A,2016-2020,ES,909,14816,40105,Spain,True,0.061353,6.135
A,2016-2020,SG,843,14816,40105,Singapore,False,0.056898,5.69
A,2016-2020,AT,794,14816,40105,Austria,True,0.053591,5.359
A,2016-2020,IL,778,14816,40105,Israel,False,0.052511,5.251
A,2016-2020,HK,727,14816,40105,Hong Kong,False,0.049069,4.907
A,2016-2020,SE,632,14816,40105,Sweden,True,0.042657,4.266
A,2016-2020,BR,595,14816,40105,Brazil,False,0.040159,4.016
A,2016-2020,BE,500,14816,40105,Belgium,True,0.033747,3.375
A,2016-2020,TW,467,14816,40105,Taiwan,False,0.03152,3.152
A,2016-2020,DK,429,14816,40105,Denmark,True,0.028955,2.896
A,2016-2020,FI,424,14816,40105,Finland,True,0.028618,2.862
A,2016-2020,PT,343,14816,40105,Portugal,True,0.023151,2.315
A,2016-2020,GR,296,14816,40105,Greece,True,0.019978,1.998
A,2016-2020,CZ,281,14816,40105,Czechia,True,0.018966,1.897
A,2016-2020,NO,264,14816,40105,Norway,False,0.017819,1.782
A,2016-2020,NZ,248,14816,40105,NZ,False,0.016739,1.674
A,2016-2020,IE,219,14816,40105,Ireland,True,0.014781,1.478
A,2016-2020,PL,217,14816,40105,Poland,True,0.014646,1.465
A,2016-2020,RU,197,14816,40105,RU,False,0.013296,1.33
A,2016-2020,TR,137,14816,40105,TR,False,0.009247,0.925
A,2016-2020,LU,134,14816,40105,LU,True,0.009044,0.904
A,2016-2020,MX,133,14816,40105,MX,False,0.008977,0.898
A,2016-2020,HU,97,14816,40105,HU,True,0.006547,0.655
A,2016-2020,CL,93,14816,40105,CL,False,0.006277,0.628
A,2016-2020,IR,87,14816,40105,IR,False,0.005872,0.587
A,2016-2020,PK,87,14816,40105,PK,False,0.005872,0.587
A,2016-2020,AE,77,14816,40105,AE,False,0.005197,0.52
A,2016-2020,CO,76,14816,40105,CO,False,0.00513,0.513
A,2016-2020,EE,67,14816,40105,EE,True,0.004522,0.452
A,2016-2020,QA,60,14816,40105,QA,False,0.00405,0.405
A,2016-2020,RO,60,14816,40105,RO,True,0.00405,0.405
A,2016-2020,SA,58,14816,40105,SA,False,0.003915,0.391
A,2016-2020,TN,56,14816,40105,TN,False,0.00378,0.378
A,2016-2020,EG,55,14816,40105,EG,False,0.003712,0.371
A,2016-2020,ZA,51,14816,40105,ZA,False,0.003442,0.344
A,2016-2020,SI,50,14816,40105,SI,True,0.003375,0.337
A,2016-2020,MO,43,14816,40105,MO,False,0.002902,0.29
A,2016-2020,AR,42,14816,40105,AR,False,0.002835,0.283
A,2016-2020,CY,39,14816,40105,CY,True,0.002632,0.263
A,2016-2020,BD,32,14816,40105,BD,False,0.00216,0.216
A,2016-2020,MY,32,14816,40105,MY,False,0.00216,0.216
A,2016-2020,TH,30,14816,40105,TH,False,0.002025,0.202
A,2016-2020,DZ,27,14816,40105,DZ,False,0.001822,0.182
A,2016-2020,SK,26,14816,40105,SK,True,0.001755,0.175
A,2016-2020,EC,24,14816,40105,EC,False,0.00162,0.162
A,2016-2020,VN,24,14816,40105,VN,False,0.00162,0.162
A,2016-2020,HR,19,14816,40105,HR,True,0.001282,0.128
A,2016-2020,RS,19,14816,40105,RS,False,0.001282,0.128
A,2016-2020,LK,18,14816,40105,LK,False,0.001215,0.121
A,2016-2020,PH,16,14816,40105,PH,False,0.00108,0.108
A,2016-2020,LB,15,14816,40105,LB,False,0.001012,0.101
A,2016-2020,UA,13,14816,40105,UA,False,0.000877,0.088
A,2016-2020,ID,11,14816,40105,ID,False,0.000742,0.074
A,2016-2020,UY,10,14816,40105,UY,False,0.000675,0.067
A,2016-2020,IS,9,14816,40105,IS,False,0.000607,0.061
A,2016-2020,JM,9,14816,40105,JM,False,0.000607,0.061
A,2016-2020,MK,9,14816,40105,MK,False,0.000607,0.061
A,2016-2020,NG,9,14816,40105,NG,False,0.000607,0.061
A,2016-2020,PR,9,14816,40105,PR,False,0.000607,0.061
A,2016-2020,JO,8,14816,40105,JO,False,0.00054,0.054
A,2016-2020,BI,7,14816,40105,BI,False,0.000472,0.047
A,2016-2020,ET,7,14816,40105,ET,False,0.000472,0.047
A,2016-2020,MA,7,14816,40105,MA,False,0.000472,0.047
A,2016-2020,MT,7,14816,40105,MT,True,0.000472,0.047
A,2016-2020,UG,7,14816,40105,UG,False,0.000472,0.047
A,2016-2020,BG,6,14816,40105,BG,True,0.000405,0.04
A,2016-2020,KE,5,14816,40105,KE,False,0.000337,0.034
A,2016-2020,LV,5,14816,40105,LV,True,0.000337,0.034
A,2016-2020,CR,4,14816,40105,CR,False,0.00027,0.027
A,2016-2020,DO,4,14816,40105,DO,False,0.00027,0.027
A,2016-2020,GH,4,14816,40105,GH,False,0.00027,0.027
A,2016-2020,KY,4,14816,40105,KY,False,0.00027,0.027
A,2016-2020,LI,4,14816,40105,LI,False,0.00027,0.027
A,2016-2020,NP,4,14816,40105,NP,False,0.00027,0.027
A,2016-2020,SS,4,14816,40105,SS,False,0.00027,0.027
A,2016-2020,AM,3,14816,40105,AM,False,0.000202,0.02
A,2016-2020,BA,3,14816,40105,BA,False,0.000202,0.02
A,2016-2020,BY,3,14816,40105,BY,False,0.000202,0.02
A,2016-2020,KZ,3,14816,40105,KZ,False,0.000202,0.02
A,2016-2020,PE,3,14816,40105,PE,False,0.000202,0.02
A,2016-2020,BO,2,14816,40105,BO,False,0.000135,0.013
A,2016-2020,IQ,2,14816,40105,IQ,False,0.000135,0.013
A,2016-2020,KH,2,14816,40105,KH,False,0.000135,0.013
A,2016-2020,KW,2,14816,40105,KW,False,0.000135,0.013
A,2016-2020,LT,2,14816,40105,LT,True,0.000135,0.013
A,2016-2020,MN,2,14816,40105,MN,False,0.000135,0.013
A,2016-2020,NC,2,14816,40105,NC,False,0.000135,0.013
A,2016-2020,RW,2,14816,40105,RW,False,0.000135,0.013
A,2016-2020,SN,2,14816,40105,SN,False,0.000135,0.013
A,2016-2020,VE,2,14816,40105,VE,False,0.000135,0.013
A,2016-2020,YE,2,14816,40105,YE,False,0.000135,0.013
A,2016-2020,BF,1,14816,40105,BF,False,6.7e-05,0.007
A,2016-2020,BH,1,14816,40105,BH,False,6.7e-05,0.007
A,2016-2020,BJ,1,14816,40105,BJ,False,6.7e-05,0.007
A,2016-2020,CD,1,14816,40105,CD,False,6.7e-05,0.007
A,2016-2020,CM,1,14816,40105,CM,False,6.7e-05,0.007
A,2016-2020,CU,1,14816,40105,CU,False,6.7e-05,0.007
A,2016-2020,FJ,1,14816,40105,FJ,False,6.7e-05,0.007
A,2016-2020,GF,1,14816,40105,GF,False,6.7e-05,0.007
A,2016-2020,GI,1,14816,40105,GI,False,6.7e-05,0.007
A,2016-2020,GM,1,14816,40105,GM,False,6.7e-05,0.007
A,2016-2020,GP,1,14816,40105,GP,False,6.7e-05,0.007
A,2016-2020,GY,1,14816,40105,GY,False,6.7e-05,0.007
A,2016-2020,LY,1,14816,40105,LY,False,6.7e-05,0.007
A,2016-2020,MD,1,14816,40105,MD,False,6.7e-05,0.007
A,2016-2020,ML,1,14816,40105,ML,False,6.7e-05,0.007
A,2016-2020,MM,1,14816,40105,MM,False,6.7e-05,0.007
A,2016-2020,MU,1,14816,40105,MU,False,6.7e-05,0.007
A,2016-2020,PF,1,14816,40105,PF,False,6.7e-05,0.007
A,2016-2020,PY,1,14816,40105,PY,False,6.7e-05,0.007
A,2016-2020,TT,1,14816,40105,TT,False,6.7e-05,0.007
A,2016-2020,TZ,1,14816,40105,TZ,False,6.7e-05,0.007
A,2016-2020,UZ,1,14816,40105,UZ,False,6.7e-05,0.007
A,2016-2020,VI,1,14816,40105,VI,False,6.7e-05,0.007
A,2021-2025,US,17892,18182,54059,United States,False,0.98405,98.405
A,2021-2025,CN,14319,18182,54059,China,False,0.787537,78.754
A,2021-2025,DE,5226,18182,54059,Germany,True,0.287427,28.743
A,2021-2025,GB,4449,18182,54059,United Kingdom,True,0.244693,24.469
A,2021-2025,CA,2543,18182,54059,Canada,False,0.139864,13.986
A,2021-2025,FR,2442,18182,54059,France,True,0.134309,13.431
A,2021-2025,AU,2232,18182,54059,Australia,False,0.122759,12.276
A,2021-2025,KR,1977,18182,54059,South Korea,False,0.108734,10.873
A,2021-2025,JP,1932,18182,54059,Japan,False,0.106259,10.626
A,2021-2025,IT,1925,18182,54059,Italy,True,0.105874,10.587
A,2021-2025,NL,1677,18182,54059,Netherlands,True,0.092234,9.223
A,2021-2025,HK,1592,18182,54059,Hong Kong,False,0.087559,8.756
A,2021-2025,CH,1577,18182,54059,Switzerland,False,0.086734,8.673
A,2021-2025,IN,1561,18182,54059,India,False,0.085854,8.585
A,2021-2025,SG,1380,18182,54059,Singapore,False,0.075899,7.59
A,2021-2025,ES,980,18182,54059,Spain,True,0.053899,5.39
A,2021-2025,AT,961,18182,54059,Austria,True,0.052854,5.285
A,2021-2025,IL,938,18182,54059,Israel,False,0.051589,5.159
A,2021-2025,SE,815,18182,54059,Sweden,True,0.044825,4.482
A,2021-2025,TW,599,18182,54059,Taiwan,False,0.032945,3.294
A,2021-2025,BE,598,18182,54059,Belgium,True,0.03289,3.289
A,2021-2025,DK,583,18182,54059,Denmark,True,0.032065,3.206
A,2021-2025,FI,462,18182,54059,Finland,True,0.02541,2.541
A,2021-2025,BR,442,18182,54059,Brazil,False,0.02431,2.431
A,2021-2025,PL,396,18182,54059,Poland,True,0.02178,2.178
A,2021-2025,NO,384,18182,54059,Norway,False,0.02112,2.112
A,2021-2025,CZ,340,18182,54059,Czechia,True,0.0187,1.87
A,2021-2025,PT,330,18182,54059,Portugal,True,0.01815,1.815
A,2021-2025,RU,296,18182,54059,RU,False,0.01628,1.628
A,2021-2025,GR,287,18182,54059,Greece,True,0.015785,1.578
A,2021-2025,AE,281,18182,54059,AE,False,0.015455,1.545
A,2021-2025,IE,277,18182,54059,Ireland,True,0.015235,1.523
A,2021-2025,NZ,245,18182,54059,NZ,False,0.013475,1.347
A,2021-2025,TR,188,18182,54059,TR,False,0.01034,1.034
A,2021-2025,LU,169,18182,54059,LU,True,0.009295,0.929
A,2021-2025,SA,169,18182,54059,SA,False,0.009295,0.929
A,2021-2025,MO,140,18182,54059,MO,False,0.0077,0.77
A,2021-2025,MX,133,18182,54059,MX,False,0.007315,0.731
A,2021-2025,IR,129,18182,54059,IR,False,0.007095,0.709
A,2021-2025,VN,125,18182,54059,VN,False,0.006875,0.687
A,2021-2025,HU,89,18182,54059,HU,True,0.004895,0.489
A,2021-2025,EE,87,18182,54059,EE,True,0.004785,0.478
A,2021-2025,CL,84,18182,54059,CL,False,0.00462,0.462
A,2021-2025,BD,77,18182,54059,BD,False,0.004235,0.423
A,2021-2025,RO,71,18182,54059,RO,True,0.003905,0.39
A,2021-2025,PK,68,18182,54059,PK,False,0.00374,0.374
A,2021-2025,SI,61,18182,54059,SI,True,0.003355,0.335
A,2021-2025,AR,56,18182,54059,AR,False,0.00308,0.308
A,2021-2025,EG,56,18182,54059,EG,False,0.00308,0.308
A,2021-2025,ZA,56,18182,54059,ZA,False,0.00308,0.308
A,2021-2025,QA,52,18182,54059,QA,False,0.00286,0.286
A,2021-2025,TH,49,18182,54059,TH,False,0.002695,0.269
A,2021-2025,CO,46,18182,54059,CO,False,0.00253,0.253
A,2021-2025,CY,42,18182,54059,CY,True,0.00231,0.231
A,2021-2025,MY,39,18182,54059,MY,False,0.002145,0.214
A,2021-2025,SK,36,18182,54059,SK,True,0.00198,0.198
A,2021-2025,TN,36,18182,54059,TN,False,0.00198,0.198
A,2021-2025,EC,29,18182,54059,EC,False,0.001595,0.159
A,2021-2025,HR,29,18182,54059,HR,True,0.001595,0.159
A,2021-2025,RS,24,18182,54059,RS,False,0.00132,0.132
A,2021-2025,LB,20,18182,54059,LB,False,0.0011,0.11
A,2021-2025,NG,19,18182,54059,NG,False,0.001045,0.104
A,2021-2025,BG,18,18182,54059,BG,True,0.00099,0.099
A,2021-2025,ID,17,18182,54059,ID,False,0.000935,0.093
A,2021-2025,MA,17,18182,54059,MA,False,0.000935,0.093
A,2021-2025,NP,17,18182,54059,NP,False,0.000935,0.093
A,2021-2025,BI,16,18182,54059,BI,False,0.00088,0.088
A,2021-2025,DZ,16,18182,54059,DZ,False,0.00088,0.088
A,2021-2025,ET,16,18182,54059,ET,False,0.00088,0.088
A,2021-2025,KY,15,18182,54059,KY,False,0.000825,0.082
A,2021-2025,MK,15,18182,54059,MK,False,0.000825,0.082
A,2021-2025,JM,14,18182,54059,JM,False,0.00077,0.077
A,2021-2025,BA,13,18182,54059,BA,False,0.000715,0.071
A,2021-2025,BY,13,18182,54059,BY,False,0.000715,0.071
A,2021-2025,PH,13,18182,54059,PH,False,0.000715,0.071
A,2021-2025,SS,13,18182,54059,SS,False,0.000715,0.071
A,2021-2025,GH,12,18182,54059,GH,False,0.00066,0.066
A,2021-2025,IQ,11,18182,54059,IQ,False,0.000605,0.06
A,2021-2025,IS,11,18182,54059,IS,False,0.000605,0.06
A,2021-2025,LK,11,18182,54059,LK,False,0.000605,0.06
A,2021-2025,PR,11,18182,54059,PR,False,0.000605,0.06
A,2021-2025,UA,11,18182,54059,UA,False,0.000605,0.06
A,2021-2025,PE,10,18182,54059,PE,False,0.00055,0.055
A,2021-2025,UY,9,18182,54059,UY,False,0.000495,0.049
A,2021-2025,JO,8,18182,54059,JO,False,0.00044,0.044
A,2021-2025,KE,8,18182,54059,KE,False,0.00044,0.044
A,2021-2025,KZ,8,18182,54059,KZ,False,0.00044,0.044
A,2021-2025,CR,7,18182,54059,CR,False,0.000385,0.038
A,2021-2025,LI,7,18182,54059,LI,False,0.000385,0.038
A,2021-2025,MT,6,18182,54059,MT,True,0.00033,0.033
A,2021-2025,UG,6,18182,54059,UG,False,0.00033,0.033
A,2021-2025,ZW,6,18182,54059,ZW,False,0.00033,0.033
A,2021-2025,BO,5,18182,54059,BO,False,0.000275,0.027
A,2021-2025,CM,5,18182,54059,CM,False,0.000275,0.027
A,2021-2025,LT,5,18182,54059,LT,True,0.000275,0.027
A,2021-2025,ML,5,18182,54059,ML,False,0.000275,0.027
A,2021-2025,RW,5,18182,54059,RW,False,0.000275,0.027
A,2021-2025,DO,4,18182,54059,DO,False,0.00022,0.022
A,2021-2025,KP,4,18182,54059,KP,False,0.00022,0.022
A,2021-2025,KW,4,18182,54059,KW,False,0.00022,0.022
A,2021-2025,MM,4,18182,54059,MM,False,0.00022,0.022
A,2021-2025,PY,4,18182,54059,PY,False,0.00022,0.022
A,2021-2025,CU,3,18182,54059,CU,False,0.000165,0.016
A,2021-2025,LV,3,18182,54059,LV,True,0.000165,0.016
A,2021-2025,LY,3,18182,54059,LY,False,0.000165,0.016
A,2021-2025,ME,3,18182,54059,ME,False,0.000165,0.016
A,2021-2025,MW,3,18182,54059,MW,False,0.000165,0.016
A,2021-2025,PS,3,18182,54059,PS,False,0.000165,0.016
A,2021-2025,TJ,3,18182,54059,TJ,False,0.000165,0.016
A,2021-2025,YE,3,18182,54059,YE,False,0.000165,0.016
A,2021-2025,AM,2,18182,54059,AM,False,0.00011,0.011
A,2021-2025,CI,2,18182,54059,CI,False,0.00011,0.011
A,2021-2025,GM,2,18182,54059,GM,False,0.00011,0.011
A,2021-2025,MN,2,18182,54059,MN,False,0.00011,0.011
A,2021-2025,SD,2,18182,54059,SD,False,0.00011,0.011
A,2021-2025,SY,2,18182,54059,SY,False,0.00011,0.011
A,2021-2025,TG,2,18182,54059,TG,False,0.00011,0.011
A,2021-2025,UZ,2,18182,54059,UZ,False,0.00011,0.011
A,2021-2025,VG,2,18182,54059,VG,False,0.00011,0.011
A,2021-2025,ZM,2,18182,54059,ZM,False,0.00011,0.011
A,2021-2025,AF,1,18182,54059,AF,False,5.5e-05,0.005
A,2021-2025,BS,1,18182,54059,BS,False,5.5e-05,0.005
A,2021-2025,BW,1,18182,54059,BW,False,5.5e-05,0.005
A,2021-2025,GF,1,18182,54059,GF,False,5.5e-05,0.005
A,2021-2025,GN,1,18182,54059,GN,False,5.5e-05,0.005
A,2021-2025,GP,1,18182,54059,GP,False,5.5e-05,0.005
A,2021-2025,KH,1,18182,54059,KH,False,5.5e-05,0.005
A,2021-2025,KN,1,18182,54059,KN,False,5.5e-05,0.005
A,2021-2025,LS,1,18182,54059,LS,False,5.5e-05,0.005
A,2021-2025,MD,1,18182,54059,MD,False,5.5e-05,0.005
A,2021-2025,MG,1,18182,54059,MG,False,5.5e-05,0.005
A,2021-2025,MZ,1,18182,54059,MZ,False,5.5e-05,0.005
A,2021-2025,NI,1,18182,54059,NI,False,5.5e-05,0.005
A,2021-2025,OM,1,18182,54059,OM,False,5.5e-05,0.005
A,2021-2025,PW,1,18182,54059,PW,False,5.5e-05,0.005
A,2021-2025,RE,1,18182,54059,RE,False,5.5e-05,0.005
A,2021-2025,SN,1,18182,54059,SN,False,5.5e-05,0.005
A,2021-2025,SO,1,18182,54059,SO,False,5.5e-05,0.005
A,2021-2025,SZ,1,18182,54059,SZ,False,5.5e-05,0.005
A,2021-2025,TT,1,18182,54059,TT,False,5.5e-05,0.005
A,2021-2025,TZ,1,18182,54059,TZ,False,5.5e-05,0.005
