window,country_code,country_articles,eu27_uk_articles,resolved_articles,country_name,is_eu27_uk,share_resolved,share_resolved_pct,share_eu27_uk,share_eu27_uk_pct
2001-2005,US,22367,14240,44770,United States,False,0.499598,49.96,1.570716,157.072
2001-2005,JP,3596,14240,44770,Japan,False,0.080322,8.032,0.252528,25.253
2001-2005,DE,3145,14240,44770,Germany,True,0.070248,7.025,0.220857,22.086
2001-2005,GB,2998,14240,44770,United Kingdom,True,0.066964,6.696,0.210534,21.053
2001-2005,FR,2545,14240,44770,France,True,0.056846,5.685,0.178722,17.872
2001-2005,CA,2475,14240,44770,Canada,False,0.055283,5.528,0.173806,17.381
2001-2005,IT,1507,14240,44770,Italy,True,0.033661,3.366,0.105829,10.583
2001-2005,CN,1249,14240,44770,China,False,0.027898,2.79,0.087711,8.771
2001-2005,IL,1098,14240,44770,Israel,False,0.024525,2.453,0.077107,7.711
2001-2005,NL,1091,14240,44770,Netherlands,True,0.024369,2.437,0.076615,7.662
2001-2005,ES,967,14240,44770,Spain,True,0.021599,2.16,0.067907,6.791
2001-2005,AU,946,14240,44770,Australia,False,0.02113,2.113,0.066433,6.643
2001-2005,CH,936,14240,44770,Switzerland,False,0.020907,2.091,0.06573,6.573
2001-2005,KR,920,14240,44770,South Korea,False,0.020549,2.055,0.064607,6.461
2001-2005,TW,739,14240,44770,Taiwan,False,0.016507,1.651,0.051896,5.19
2001-2005,SG,726,14240,44770,Singapore,False,0.016216,1.622,0.050983,5.098
2001-2005,SE,612,14240,44770,Sweden,True,0.01367,1.367,0.042978,4.298
2001-2005,HK,546,14240,44770,Hong Kong,False,0.012196,1.22,0.038343,3.834
2001-2005,IN,472,14240,44770,India,False,0.010543,1.054,0.033146,3.315
2001-2005,BE,454,14240,44770,Belgium,True,0.010141,1.014,0.031882,3.188
2001-2005,BR,349,14240,44770,Brazil,False,0.007795,0.78,0.024508,2.451
2001-2005,GR,345,14240,44770,Greece,True,0.007706,0.771,0.024228,2.423
2001-2005,FI,333,14240,44770,Finland,True,0.007438,0.744,0.023385,2.338
2001-2005,AT,332,14240,44770,Austria,True,0.007416,0.742,0.023315,2.331
2001-2005,DK,264,14240,44770,Denmark,True,0.005897,0.59,0.018539,1.854
2001-2005,PT,230,14240,44770,Portugal,True,0.005137,0.514,0.016152,1.615
2001-2005,IE,226,14240,44770,Ireland,True,0.005048,0.505,0.015871,1.587
2001-2005,CZ,190,14240,44770,Czechia,True,0.004244,0.424,0.013343,1.334
2001-2005,PL,151,14240,44770,Poland,True,0.003373,0.337,0.010604,1.06
2001-2005,HU,130,14240,44770,HU,True,0.002904,0.29,0.009129,0.913
2001-2005,MX,125,14240,44770,MX,False,0.002792,0.279,0.008778,0.878
2001-2005,RU,116,14240,44770,RU,False,0.002591,0.259,0.008146,0.815
2001-2005,NO,110,14240,44770,Norway,False,0.002457,0.246,0.007725,0.772
2001-2005,NZ,104,14240,44770,NZ,False,0.002323,0.232,0.007303,0.73
2001-2005,TR,86,14240,44770,TR,False,0.001921,0.192,0.006039,0.604
2001-2005,SI,74,14240,44770,SI,True,0.001653,0.165,0.005197,0.52
2001-2005,IR,60,14240,44770,IR,False,0.00134,0.134,0.004213,0.421
2001-2005,TH,56,14240,44770,TH,False,0.001251,0.125,0.003933,0.393
2001-2005,AR,38,14240,44770,AR,False,0.000849,0.085,0.002669,0.267
2001-2005,BI,32,14240,44770,BI,False,0.000715,0.071,0.002247,0.225
2001-2005,RO,31,14240,44770,RO,True,0.000692,0.069,0.002177,0.218
2001-2005,CL,29,14240,44770,CL,False,0.000648,0.065,0.002037,0.204
2001-2005,SK,29,14240,44770,SK,True,0.000648,0.065,0.002037,0.204
2001-2005,EG,27,14240,44770,EG,False,0.000603,0.06,0.001896,0.19
2001-2005,CY,25,14240,44770,CY,True,0.000558,0.056,0.001756,0.176
2001-2005,BG,22,14240,44770,BG,True,0.000491,0.049,0.001545,0.154
2001-2005,MY,20,14240,44770,MY,False,0.000447,0.045,0.001404,0.14
2001-2005,CO,18,14240,44770,CO,False,0.000402,0.04,0.001264,0.126
2001-2005,ZA,18,14240,44770,ZA,False,0.000402,0.04,0.001264,0.126
2001-2005,TN,17,14240,44770,TN,False,0.00038,0.038,0.001194,0.119
2001-2005,BM,15,14240,44770,BM,False,0.000335,0.034,0.001053,0.105
2001-2005,EE,14,14240,44770,EE,True,0.000313,0.031,0.000983,0.098
2001-2005,PH,13,14240,44770,PH,False,0.00029,0.029,0.000913,0.091
2001-2005,AE,12,14240,44770,AE,False,0.000268,0.027,0.000843,0.084
2001-2005,HR,12,14240,44770,HR,True,0.000268,0.027,0.000843,0.084
2001-2005,LU,12,14240,44770,LU,True,0.000268,0.027,0.000843,0.084
2001-2005,VE,12,14240,44770,VE,False,0.000268,0.027,0.000843,0.084
2001-2005,LV,11,14240,44770,LV,True,0.000246,0.025,0.000772,0.077
2001-2005,SS,11,14240,44770,SS,False,0.000246,0.025,0.000772,0.077
2001-2005,BY,10,14240,44770,BY,False,0.000223,0.022,0.000702,0.07
2001-2005,IS,10,14240,44770,IS,False,0.000223,0.022,0.000702,0.07
2001-2005,PK,10,14240,44770,PK,False,0.000223,0.022,0.000702,0.07
2001-2005,BN,9,14240,44770,BN,False,0.000201,0.02,0.000632,0.063
2001-2005,DZ,9,14240,44770,DZ,False,0.000201,0.02,0.000632,0.063
2001-2005,SA,9,14240,44770,SA,False,0.000201,0.02,0.000632,0.063
2001-2005,JM,8,14240,44770,JM,False,0.000179,0.018,0.000562,0.056
2001-2005,MO,8,14240,44770,MO,False,0.000179,0.018,0.000562,0.056
2001-2005,LB,7,14240,44770,LB,False,0.000156,0.016,0.000492,0.049
2001-2005,RS,7,14240,44770,RS,False,0.000156,0.016,0.000492,0.049
2001-2005,MA,6,14240,44770,MA,False,0.000134,0.013,0.000421,0.042
2001-2005,UA,6,14240,44770,UA,False,0.000134,0.013,0.000421,0.042
2001-2005,DO,5,14240,44770,DO,False,0.000112,0.011,0.000351,0.035
2001-2005,LT,5,14240,44770,LT,True,0.000112,0.011,0.000351,0.035
2001-2005,NG,5,14240,44770,NG,False,0.000112,0.011,0.000351,0.035
2001-2005,PR,5,14240,44770,PR,False,0.000112,0.011,0.000351,0.035
2001-2005,VN,5,14240,44770,VN,False,0.000112,0.011,0.000351,0.035
2001-2005,GP,4,14240,44770,GP,False,8.9e-05,0.009,0.000281,0.028
2001-2005,BD,3,14240,44770,BD,False,6.7e-05,0.007,0.000211,0.021
2001-2005,CU,3,14240,44770,CU,False,6.7e-05,0.007,0.000211,0.021
2001-2005,GH,3,14240,44770,GH,False,6.7e-05,0.007,0.000211,0.021
2001-2005,KE,3,14240,44770,KE,False,6.7e-05,0.007,0.000211,0.021
2001-2005,MK,3,14240,44770,MK,False,6.7e-05,0.007,0.000211,0.021
2001-2005,MQ,3,14240,44770,MQ,False,6.7e-05,0.007,0.000211,0.021
2001-2005,OM,3,14240,44770,OM,False,6.7e-05,0.007,0.000211,0.021
2001-2005,TJ,3,14240,44770,TJ,False,6.7e-05,0.007,0.000211,0.021
2001-2005,VG,3,14240,44770,VG,False,6.7e-05,0.007,0.000211,0.021
2001-2005,BO,2,14240,44770,BO,False,4.5e-05,0.004,0.00014,0.014
2001-2005,CR,2,14240,44770,CR,False,4.5e-05,0.004,0.00014,0.014
2001-2005,KW,2,14240,44770,KW,False,4.5e-05,0.004,0.00014,0.014
2001-2005,LK,2,14240,44770,LK,False,4.5e-05,0.004,0.00014,0.014
2001-2005,MD,2,14240,44770,MD,False,4.5e-05,0.004,0.00014,0.014
2001-2005,QA,2,14240,44770,QA,False,4.5e-05,0.004,0.00014,0.014
2001-2005,SO,2,14240,44770,SO,False,4.5e-05,0.004,0.00014,0.014
2001-2005,BW,1,14240,44770,BW,False,2.2e-05,0.002,7e-05,0.007
2001-2005,CI,1,14240,44770,CI,False,2.2e-05,0.002,7e-05,0.007
2001-2005,CM,1,14240,44770,CM,False,2.2e-05,0.002,7e-05,0.007
2001-2005,EC,1,14240,44770,EC,False,2.2e-05,0.002,7e-05,0.007
2001-2005,ID,1,14240,44770,ID,False,2.2e-05,0.002,7e-05,0.007
2001-2005,JO,1,14240,44770,JO,False,2.2e-05,0.002,7e-05,0.007
2001-2005,KH,1,14240,44770,KH,False,2.2e-05,0.002,7e-05,0.007
2001-2005,MT,1,14240,44770,MT,True,2.2e-05,0.002,7e-05,0.007
2001-2005,MU,1,14240,44770,MU,False,2.2e-05,0.002,7e-05,0.007
2001-2005,MZ,1,14240,44770,MZ,False,2.2e-05,0.002,7e-05,0.007
2001-2005,NC,1,14240,44770,NC,False,2.2e-05,0.002,7e-05,0.007
2001-2005,PA,1,14240,44770,PA,False,2.2e-05,0.002,7e-05,0.007
2001-2005,SZ,1,14240,44770,SZ,False,2.2e-05,0.002,7e-05,0.007
2001-2005,TZ,1,14240,44770,TZ,False,2.2e-05,0.002,7e-05,0.007
2001-2005,YE,1,14240,44770,YE,False,2.2e-05,0.002,7e-05,0.007
2006-2010,US,29474,22048,63820,United States,False,0.46183,46.183,1.336811,133.681
2006-2010,DE,5350,22048,63820,Germany,True,0.08383,8.383,0.242652,24.265
2006-2010,GB,4855,22048,63820,United Kingdom,True,0.076073,7.607,0.220201,22.02
2006-2010,JP,4249,22048,63820,Japan,False,0.066578,6.658,0.192716,19.272
2006-2010,CN,4189,22048,63820,China,False,0.065638,6.564,0.189995,18.999
2006-2010,FR,4093,22048,63820,France,True,0.064134,6.413,0.18564,18.564
2006-2010,CA,3898,22048,63820,Canada,False,0.061078,6.108,0.176796,17.68
2006-2010,IT,2132,22048,63820,Italy,True,0.033406,3.341,0.096698,9.67
2006-2010,CH,1903,22048,63820,Switzerland,False,0.029818,2.982,0.086312,8.631
2006-2010,ES,1680,22048,63820,Spain,True,0.026324,2.632,0.076197,7.62
2006-2010,AU,1637,22048,63820,Australia,False,0.02565,2.565,0.074247,7.425
2006-2010,NL,1614,22048,63820,Netherlands,True,0.02529,2.529,0.073204,7.32
2006-2010,IL,1431,22048,63820,Israel,False,0.022422,2.242,0.064904,6.49
2006-2010,SG,1219,22048,63820,Singapore,False,0.019101,1.91,0.055288,5.529
2006-2010,KR,1193,22048,63820,South Korea,False,0.018693,1.869,0.054109,5.411
2006-2010,TW,1012,22048,63820,Taiwan,False,0.015857,1.586,0.0459,4.59
2006-2010,IN,996,22048,63820,India,False,0.015606,1.561,0.045174,4.517
2006-2010,HK,965,22048,63820,Hong Kong,False,0.015121,1.512,0.043768,4.377
2006-2010,BE,743,22048,63820,Belgium,True,0.011642,1.164,0.033699,3.37
2006-2010,SE,735,22048,63820,Sweden,True,0.011517,1.152,0.033336,3.334
2006-2010,AT,648,22048,63820,Austria,True,0.010154,1.015,0.02939,2.939
2006-2010,GR,563,22048,63820,Greece,True,0.008822,0.882,0.025535,2.554
2006-2010,FI,525,22048,63820,Finland,True,0.008226,0.823,0.023812,2.381
2006-2010,BR,486,22048,63820,Brazil,False,0.007615,0.762,0.022043,2.204
2006-2010,DK,423,22048,63820,Denmark,True,0.006628,0.663,0.019185,1.919
2006-2010,PT,411,22048,63820,Portugal,True,0.00644,0.644,0.018641,1.864
2006-2010,IE,402,22048,63820,Ireland,True,0.006299,0.63,0.018233,1.823
2006-2010,NO,293,22048,63820,Norway,False,0.004591,0.459,0.013289,1.329
2006-2010,CZ,271,22048,63820,Czechia,True,0.004246,0.425,0.012291,1.229
2006-2010,NZ,241,22048,63820,NZ,False,0.003776,0.378,0.010931,1.093
2006-2010,TR,215,22048,63820,TR,False,0.003369,0.337,0.009751,0.975
2006-2010,PL,210,22048,63820,Poland,True,0.003291,0.329,0.009525,0.952
2006-2010,MX,205,22048,63820,MX,False,0.003212,0.321,0.009298,0.93
2006-2010,IR,169,22048,63820,IR,False,0.002648,0.265,0.007665,0.767
2006-2010,HU,166,22048,63820,HU,True,0.002601,0.26,0.007529,0.753
2006-2010,RU,129,22048,63820,RU,False,0.002021,0.202,0.005851,0.585
2006-2010,PK,71,22048,63820,PK,False,0.001113,0.111,0.00322,0.322
2006-2010,SI,71,22048,63820,SI,True,0.001113,0.111,0.00322,0.322
2006-2010,LU,69,22048,63820,LU,True,0.001081,0.108,0.00313,0.313
2006-2010,CL,67,22048,63820,CL,False,0.00105,0.105,0.003039,0.304
2006-2010,TH,63,22048,63820,TH,False,0.000987,0.099,0.002857,0.286
2006-2010,RO,61,22048,63820,RO,True,0.000956,0.096,0.002767,0.277
2006-2010,AR,59,22048,63820,AR,False,0.000924,0.092,0.002676,0.268
2006-2010,ZA,52,22048,63820,ZA,False,0.000815,0.081,0.002358,0.236
2006-2010,EG,47,22048,63820,EG,False,0.000736,0.074,0.002132,0.213
2006-2010,TN,47,22048,63820,TN,False,0.000736,0.074,0.002132,0.213
2006-2010,CO,38,22048,63820,CO,False,0.000595,0.06,0.001724,0.172
2006-2010,CY,38,22048,63820,CY,True,0.000595,0.06,0.001724,0.172
2006-2010,SA,33,22048,63820,SA,False,0.000517,0.052,0.001497,0.15
2006-2010,BI,32,22048,63820,BI,False,0.000501,0.05,0.001451,0.145
2006-2010,EE,32,22048,63820,EE,True,0.000501,0.05,0.001451,0.145
2006-2010,MY,31,22048,63820,MY,False,0.000486,0.049,0.001406,0.141
2006-2010,SK,29,22048,63820,SK,True,0.000454,0.045,0.001315,0.132
2006-2010,AE,26,22048,63820,AE,False,0.000407,0.041,0.001179,0.118
2006-2010,SS,25,22048,63820,SS,False,0.000392,0.039,0.001134,0.113
2006-2010,DZ,19,22048,63820,DZ,False,0.000298,0.03,0.000862,0.086
2006-2010,HR,19,22048,63820,HR,True,0.000298,0.03,0.000862,0.086
2006-2010,RS,19,22048,63820,RS,False,0.000298,0.03,0.000862,0.086
2006-2010,BM,18,22048,63820,BM,False,0.000282,0.028,0.000816,0.082
2006-2010,IS,18,22048,63820,IS,False,0.000282,0.028,0.000816,0.082
2006-2010,MO,17,22048,63820,MO,False,0.000266,0.027,0.000771,0.077
2006-2010,BD,14,22048,63820,BD,False,0.000219,0.022,0.000635,0.063
2006-2010,LB,14,22048,63820,LB,False,0.000219,0.022,0.000635,0.063
2006-2010,VE,14,22048,63820,VE,False,0.000219,0.022,0.000635,0.063
2006-2010,VN,14,22048,63820,VN,False,0.000219,0.022,0.000635,0.063
2006-2010,BG,13,22048,63820,BG,True,0.000204,0.02,0.00059,0.059
2006-2010,NG,12,22048,63820,NG,False,0.000188,0.019,0.000544,0.054
2006-2010,JO,11,22048,63820,JO,False,0.000172,0.017,0.000499,0.05
2006-2010,KW,11,22048,63820,KW,False,0.000172,0.017,0.000499,0.05
2006-2010,MA,10,22048,63820,MA,False,0.000157,0.016,0.000454,0.045
2006-2010,QA,10,22048,63820,QA,False,0.000157,0.016,0.000454,0.045
2006-2010,PH,9,22048,63820,PH,False,0.000141,0.014,0.000408,0.041
2006-2010,BY,8,22048,63820,BY,False,0.000125,0.013,0.000363,0.036
2006-2010,MT,8,22048,63820,MT,True,0.000125,0.013,0.000363,0.036
2006-2010,PR,8,22048,63820,PR,False,0.000125,0.013,0.000363,0.036
2006-2010,BN,7,22048,63820,BN,False,0.00011,0.011,0.000317,0.032
2006-2010,DO,7,22048,63820,DO,False,0.00011,0.011,0.000317,0.032
2006-2010,JM,7,22048,63820,JM,False,0.00011,0.011,0.000317,0.032
2006-2010,UY,7,22048,63820,UY,False,0.00011,0.011,0.000317,0.032
2006-2010,CU,6,22048,63820,CU,False,9.4e-05,0.009,0.000272,0.027
2006-2010,LV,6,22048,63820,LV,True,9.4e-05,0.009,0.000272,0.027
2006-2010,MK,6,22048,63820,MK,False,9.4e-05,0.009,0.000272,0.027
2006-2010,UA,6,22048,63820,UA,False,9.4e-05,0.009,0.000272,0.027
2006-2010,OM,5,22048,63820,OM,False,7.8e-05,0.008,0.000227,0.023
2006-2010,PS,5,22048,63820,PS,False,7.8e-05,0.008,0.000227,0.023
2006-2010,KH,4,22048,63820,KH,False,6.3e-05,0.006,0.000181,0.018
2006-2010,LK,4,22048,63820,LK,False,6.3e-05,0.006,0.000181,0.018
2006-2010,TJ,4,22048,63820,TJ,False,6.3e-05,0.006,0.000181,0.018
2006-2010,ZW,4,22048,63820,ZW,False,6.3e-05,0.006,0.000181,0.018
2006-2010,EC,3,22048,63820,EC,False,4.7e-05,0.005,0.000136,0.014
2006-2010,KE,3,22048,63820,KE,False,4.7e-05,0.005,0.000136,0.014
2006-2010,LT,3,22048,63820,LT,True,4.7e-05,0.005,0.000136,0.014
2006-2010,PA,3,22048,63820,PA,False,4.7e-05,0.005,0.000136,0.014
2006-2010,CR,2,22048,63820,CR,False,3.1e-05,0.003,9.1e-05,0.009
2006-2010,FJ,2,22048,63820,FJ,False,3.1e-05,0.003,9.1e-05,0.009
2006-2010,ID,2,22048,63820,ID,False,3.1e-05,0.003,9.1e-05,0.009
2006-2010,TT,2,22048,63820,TT,False,3.1e-05,0.003,9.1e-05,0.009
2006-2010,TZ,2,22048,63820,TZ,False,3.1e-05,0.003,9.1e-05,0.009
2006-2010,UG,2,22048,63820,UG,False,3.1e-05,0.003,9.1e-05,0.009
2006-2010,VG,2,22048,63820,VG,False,3.1e-05,0.003,9.1e-05,0.009
2006-2010,AF,1,22048,63820,AF,False,1.6e-05,0.002,4.5e-05,0.005
2006-2010,AL,1,22048,63820,AL,False,1.6e-05,0.002,4.5e-05,0.005
2006-2010,BB,1,22048,63820,BB,False,1.6e-05,0.002,4.5e-05,0.005
2006-2010,BH,1,22048,63820,BH,False,1.6e-05,0.002,4.5e-05,0.005
2006-2010,BS,1,22048,63820,BS,False,1.6e-05,0.002,4.5e-05,0.005
2006-2010,BW,1,22048,63820,BW,False,1.6e-05,0.002,4.5e-05,0.005
2006-2010,CM,1,22048,63820,CM,False,1.6e-05,0.002,4.5e-05,0.005
2006-2010,DJ,1,22048,63820,DJ,False,1.6e-05,0.002,4.5e-05,0.005
2006-2010,ET,1,22048,63820,ET,False,1.6e-05,0.002,4.5e-05,0.005
2006-2010,GF,1,22048,63820,GF,False,1.6e-05,0.002,4.5e-05,0.005
2006-2010,GH,1,22048,63820,GH,False,1.6e-05,0.002,4.5e-05,0.005
2006-2010,KP,1,22048,63820,KP,False,1.6e-05,0.002,4.5e-05,0.005
2006-2010,MD,1,22048,63820,MD,False,1.6e-05,0.002,4.5e-05,0.005
2006-2010,ME,1,22048,63820,ME,False,1.6e-05,0.002,4.5e-05,0.005
2006-2010,MM,1,22048,63820,MM,False,1.6e-05,0.002,4.5e-05,0.005
2006-2010,NC,1,22048,63820,NC,False,1.6e-05,0.002,4.5e-05,0.005
2006-2010,NP,1,22048,63820,NP,False,1.6e-05,0.002,4.5e-05,0.005
2006-2010,PF,1,22048,63820,PF,False,1.6e-05,0.002,4.5e-05,0.005
2006-2010,PY,1,22048,63820,PY,False,1.6e-05,0.002,4.5e-05,0.005
2006-2010,SY,1,22048,63820,SY,False,1.6e-05,0.002,4.5e-05,0.005
2006-2010,TV,1,22048,63820,TV,False,1.6e-05,0.002,4.5e-05,0.005
2011-2015,US,33928,26136,73111,United States,False,0.464061,46.406,1.298133,129.813
2011-2015,CN,7216,26136,73111,China,False,0.098699,9.87,0.276094,27.609
2011-2015,DE,6970,26136,73111,Germany,True,0.095334,9.533,0.266682,26.668
2011-2015,GB,5981,26136,73111,United Kingdom,True,0.081807,8.181,0.228841,22.884
2011-2015,FR,4508,26136,73111,France,True,0.06166,6.166,0.172482,17.248
2011-2015,CA,4208,26136,73111,Canada,False,0.057556,5.756,0.161004,16.1
2011-2015,JP,3648,26136,73111,Japan,False,0.049897,4.99,0.139578,13.958
2011-2015,IT,2560,26136,73111,Italy,True,0.035015,3.502,0.097949,9.795
2011-2015,CH,2486,26136,73111,Switzerland,False,0.034003,3.4,0.095118,9.512
2011-2015,AU,2464,26136,73111,Australia,False,0.033702,3.37,0.094276,9.428
2011-2015,SG,2099,26136,73111,Singapore,False,0.02871,2.871,0.080311,8.031
2011-2015,ES,1909,26136,73111,Spain,True,0.026111,2.611,0.073041,7.304
2011-2015,NL,1742,26136,73111,Netherlands,True,0.023827,2.383,0.066651,6.665
2011-2015,IL,1716,26136,73111,Israel,False,0.023471,2.347,0.065657,6.566
2011-2015,KR,1522,26136,73111,South Korea,False,0.020818,2.082,0.058234,5.823
2011-2015,IN,1306,26136,73111,India,False,0.017863,1.786,0.049969,4.997
2011-2015,HK,1302,26136,73111,Hong Kong,False,0.017809,1.781,0.049816,4.982
2011-2015,AT,1106,26136,73111,Austria,True,0.015128,1.513,0.042317,4.232
2011-2015,TW,1052,26136,73111,Taiwan,False,0.014389,1.439,0.040251,4.025
2011-2015,SE,1009,26136,73111,Sweden,True,0.013801,1.38,0.038606,3.861
2011-2015,BE,878,26136,73111,Belgium,True,0.012009,1.201,0.033594,3.359
2011-2015,BR,705,26136,73111,Brazil,False,0.009643,0.964,0.026974,2.697
2011-2015,GR,664,26136,73111,Greece,True,0.009082,0.908,0.025406,2.541
2011-2015,DK,632,26136,73111,Denmark,True,0.008644,0.864,0.024181,2.418
2011-2015,PT,570,26136,73111,Portugal,True,0.007796,0.78,0.021809,2.181
2011-2015,FI,562,26136,73111,Finland,True,0.007687,0.769,0.021503,2.15
2011-2015,IE,462,26136,73111,Ireland,True,0.006319,0.632,0.017677,1.768
2011-2015,NO,409,26136,73111,Norway,False,0.005594,0.559,0.015649,1.565
2011-2015,CZ,373,26136,73111,Czechia,True,0.005102,0.51,0.014272,1.427
2011-2015,NZ,320,26136,73111,NZ,False,0.004377,0.438,0.012244,1.224
2011-2015,PL,284,26136,73111,Poland,True,0.003885,0.388,0.010866,1.087
2011-2015,RU,243,26136,73111,RU,False,0.003324,0.332,0.009298,0.93
2011-2015,TR,212,26136,73111,TR,False,0.0029,0.29,0.008111,0.811
2011-2015,MX,194,26136,73111,MX,False,0.002653,0.265,0.007423,0.742
2011-2015,HU,180,26136,73111,HU,True,0.002462,0.246,0.006887,0.689
2011-2015,QA,179,26136,73111,QA,False,0.002448,0.245,0.006849,0.685
2011-2015,CL,159,26136,73111,CL,False,0.002175,0.217,0.006084,0.608
2011-2015,LU,144,26136,73111,LU,True,0.00197,0.197,0.00551,0.551
2011-2015,SA,141,26136,73111,SA,False,0.001929,0.193,0.005395,0.539
2011-2015,IR,126,26136,73111,IR,False,0.001723,0.172,0.004821,0.482
2011-2015,PK,115,26136,73111,PK,False,0.001573,0.157,0.0044,0.44
2011-2015,RO,100,26136,73111,RO,True,0.001368,0.137,0.003826,0.383
2011-2015,EG,83,26136,73111,EG,False,0.001135,0.114,0.003176,0.318
2011-2015,ZA,77,26136,73111,ZA,False,0.001053,0.105,0.002946,0.295
2011-2015,EE,71,26136,73111,EE,True,0.000971,0.097,0.002717,0.272
2011-2015,SI,71,26136,73111,SI,True,0.000971,0.097,0.002717,0.272
2011-2015,AR,65,26136,73111,AR,False,0.000889,0.089,0.002487,0.249
2011-2015,CO,62,26136,73111,CO,False,0.000848,0.085,0.002372,0.237
2011-2015,MY,59,26136,73111,MY,False,0.000807,0.081,0.002257,0.226
2011-2015,MO,57,26136,73111,MO,False,0.00078,0.078,0.002181,0.218
2011-2015,CY,55,26136,73111,CY,True,0.000752,0.075,0.002104,0.21
2011-2015,TN,54,26136,73111,TN,False,0.000739,0.074,0.002066,0.207
2011-2015,TH,52,26136,73111,TH,False,0.000711,0.071,0.00199,0.199
2011-2015,AE,50,26136,73111,AE,False,0.000684,0.068,0.001913,0.191
2011-2015,SK,42,26136,73111,SK,True,0.000574,0.057,0.001607,0.161
2011-2015,BI,38,26136,73111,BI,False,0.00052,0.052,0.001454,0.145
2011-2015,DZ,34,26136,73111,DZ,False,0.000465,0.047,0.001301,0.13
2011-2015,HR,32,26136,73111,HR,True,0.000438,0.044,0.001224,0.122
2011-2015,IS,32,26136,73111,IS,False,0.000438,0.044,0.001224,0.122
2011-2015,VN,30,26136,73111,VN,False,0.00041,0.041,0.001148,0.115
2011-2015,BD,23,26136,73111,BD,False,0.000315,0.031,0.00088,0.088
2011-2015,LB,23,26136,73111,LB,False,0.000315,0.031,0.00088,0.088
2011-2015,MA,22,26136,73111,MA,False,0.000301,0.03,0.000842,0.084
2011-2015,RS,22,26136,73111,RS,False,0.000301,0.03,0.000842,0.084
2011-2015,LV,19,26136,73111,LV,True,0.00026,0.026,0.000727,0.073
2011-2015,BG,17,26136,73111,BG,True,0.000233,0.023,0.00065,0.065
2011-2015,PR,16,26136,73111,PR,False,0.000219,0.022,0.000612,0.061
2011-2015,SS,16,26136,73111,SS,False,0.000219,0.022,0.000612,0.061
2011-2015,ID,13,26136,73111,ID,False,0.000178,0.018,0.000497,0.05
2011-2015,PH,13,26136,73111,PH,False,0.000178,0.018,0.000497,0.05
2011-2015,BM,9,26136,73111,BM,False,0.000123,0.012,0.000344,0.034
2011-2015,CU,9,26136,73111,CU,False,0.000123,0.012,0.000344,0.034
2011-2015,JO,9,26136,73111,JO,False,0.000123,0.012,0.000344,0.034
2011-2015,MT,9,26136,73111,MT,True,0.000123,0.012,0.000344,0.034
2011-2015,UY,9,26136,73111,UY,False,0.000123,0.012,0.000344,0.034
2011-2015,CR,8,26136,73111,CR,False,0.000109,0.011,0.000306,0.031
2011-2015,EC,8,26136,73111,EC,False,0.000109,0.011,0.000306,0.031
2011-2015,PE,8,26136,73111,PE,False,0.000109,0.011,0.000306,0.031
2011-2015,UG,8,26136,73111,UG,False,0.000109,0.011,0.000306,0.031
2011-2015,CM,7,26136,73111,CM,False,9.6e-05,0.01,0.000268,0.027
2011-2015,BA,6,26136,73111,BA,False,8.2e-05,0.008,0.00023,0.023
2011-2015,BY,6,26136,73111,BY,False,8.2e-05,0.008,0.00023,0.023
2011-2015,KW,6,26136,73111,KW,False,8.2e-05,0.008,0.00023,0.023
2011-2015,UA,6,26136,73111,UA,False,8.2e-05,0.008,0.00023,0.023
2011-2015,VE,6,26136,73111,VE,False,8.2e-05,0.008,0.00023,0.023
2011-2015,BO,5,26136,73111,BO,False,6.8e-05,0.007,0.000191,0.019
2011-2015,JM,5,26136,73111,JM,False,6.8e-05,0.007,0.000191,0.019
2011-2015,KZ,5,26136,73111,KZ,False,6.8e-05,0.007,0.000191,0.019
2011-2015,LK,5,26136,73111,LK,False,6.8e-05,0.007,0.000191,0.019
2011-2015,TJ,5,26136,73111,TJ,False,6.8e-05,0.007,0.000191,0.019
2011-2015,KE,4,26136,73111,KE,False,5.5e-05,0.005,0.000153,0.015
2011-2015,MK,4,26136,73111,MK,False,5.5e-05,0.005,0.000153,0.015
2011-2015,AM,3,26136,73111,AM,False,4.1e-05,0.004,0.000115,0.011
2011-2015,DO,3,26136,73111,DO,False,4.1e-05,0.004,0.000115,0.011
2011-2015,GH,3,26136,73111,GH,False,4.1e-05,0.004,0.000115,0.011
2011-2015,IQ,3,26136,73111,IQ,False,4.1e-05,0.004,0.000115,0.011
2011-2015,KH,3,26136,73111,KH,False,4.1e-05,0.004,0.000115,0.011
2011-2015,LT,3,26136,73111,LT,True,4.1e-05,0.004,0.000115,0.011
2011-2015,MD,3,26136,73111,MD,False,4.1e-05,0.004,0.000115,0.011
2011-2015,ET,2,26136,73111,ET,False,2.7e-05,0.003,7.7e-05,0.008
2011-2015,LI,2,26136,73111,LI,False,2.7e-05,0.003,7.7e-05,0.008
2011-2015,MN,2,26136,73111,MN,False,2.7e-05,0.003,7.7e-05,0.008
2011-2015,OM,2,26136,73111,OM,False,2.7e-05,0.003,7.7e-05,0.008
2011-2015,SN,2,26136,73111,SN,False,2.7e-05,0.003,7.7e-05,0.008
2011-2015,TZ,2,26136,73111,TZ,False,2.7e-05,0.003,7.7e-05,0.008
2011-2015,YE,2,26136,73111,YE,False,2.7e-05,0.003,7.7e-05,0.008
2011-2015,ZW,2,26136,73111,ZW,False,2.7e-05,0.003,7.7e-05,0.008
2011-2015,AF,1,26136,73111,AF,False,1.4e-05,0.001,3.8e-05,0.004
2011-2015,AL,1,26136,73111,AL,False,1.4e-05,0.001,3.8e-05,0.004
2011-2015,AZ,1,26136,73111,AZ,False,1.4e-05,0.001,3.8e-05,0.004
2011-2015,BB,1,26136,73111,BB,False,1.4e-05,0.001,3.8e-05,0.004
2011-2015,BH,1,26136,73111,BH,False,1.4e-05,0.001,3.8e-05,0.004
2011-2015,BJ,1,26136,73111,BJ,False,1.4e-05,0.001,3.8e-05,0.004
2011-2015,BN,1,26136,73111,BN,False,1.4e-05,0.001,3.8e-05,0.004
2011-2015,FO,1,26136,73111,FO,False,1.4e-05,0.001,3.8e-05,0.004
2011-2015,GL,1,26136,73111,GL,False,1.4e-05,0.001,3.8e-05,0.004
2011-2015,HN,1,26136,73111,HN,False,1.4e-05,0.001,3.8e-05,0.004
2011-2015,LY,1,26136,73111,LY,False,1.4e-05,0.001,3.8e-05,0.004
2011-2015,ME,1,26136,73111,ME,False,1.4e-05,0.001,3.8e-05,0.004
2011-2015,ML,1,26136,73111,ML,False,1.4e-05,0.001,3.8e-05,0.004
2011-2015,MM,1,26136,73111,MM,False,1.4e-05,0.001,3.8e-05,0.004
2011-2015,MU,1,26136,73111,MU,False,1.4e-05,0.001,3.8e-05,0.004
2011-2015,NC,1,26136,73111,NC,False,1.4e-05,0.001,3.8e-05,0.004
2011-2015,NE,1,26136,73111,NE,False,1.4e-05,0.001,3.8e-05,0.004
2011-2015,NG,1,26136,73111,NG,False,1.4e-05,0.001,3.8e-05,0.004
2011-2015,NP,1,26136,73111,NP,False,1.4e-05,0.001,3.8e-05,0.004
2011-2015,PA,1,26136,73111,PA,False,1.4e-05,0.001,3.8e-05,0.004
2011-2015,PS,1,26136,73111,PS,False,1.4e-05,0.001,3.8e-05,0.004
2011-2015,RE,1,26136,73111,RE,False,1.4e-05,0.001,3.8e-05,0.004
2011-2015,RW,1,26136,73111,RW,False,1.4e-05,0.001,3.8e-05,0.004
2011-2015,WS,1,26136,73111,WS,False,1.4e-05,0.001,3.8e-05,0.004
2016-2020,US,44208,31263,99275,United States,False,0.445308,44.531,1.414068,141.407
2016-2020,CN,19853,31263,99275,China,False,0.19998,19.998,0.635032,63.503
2016-2020,GB,8966,31263,99275,United Kingdom,True,0.090315,9.031,0.286793,28.679
2016-2020,DE,8270,31263,99275,Germany,True,0.083304,8.33,0.26453,26.453
2016-2020,CA,5308,31263,99275,Canada,False,0.053468,5.347,0.169785,16.979
2016-2020,FR,4674,31263,99275,France,True,0.047081,4.708,0.149506,14.951
2016-2020,AU,4272,31263,99275,Australia,False,0.043032,4.303,0.136647,13.665
2016-2020,JP,3855,31263,99275,Japan,False,0.038832,3.883,0.123309,12.331
2016-2020,CH,3232,31263,99275,Switzerland,False,0.032556,3.256,0.103381,10.338
2016-2020,SG,2990,31263,99275,Singapore,False,0.030118,3.012,0.09564,9.564
2016-2020,IT,2796,31263,99275,Italy,True,0.028164,2.816,0.089435,8.943
2016-2020,IL,2769,31263,99275,Israel,False,0.027892,2.789,0.088571,8.857
2016-2020,KR,2620,31263,99275,South Korea,False,0.026391,2.639,0.083805,8.381
2016-2020,HK,2417,31263,99275,Hong Kong,False,0.024347,2.435,0.077312,7.731
2016-2020,NL,2370,31263,99275,Netherlands,True,0.023873,2.387,0.075808,7.581
2016-2020,IN,2302,31263,99275,India,False,0.023188,2.319,0.073633,7.363
2016-2020,ES,1536,31263,99275,Spain,True,0.015472,1.547,0.049132,4.913
2016-2020,AT,1469,31263,99275,Austria,True,0.014797,1.48,0.046988,4.699
2016-2020,SE,1332,31263,99275,Sweden,True,0.013417,1.342,0.042606,4.261
2016-2020,TW,1143,31263,99275,Taiwan,False,0.011513,1.151,0.036561,3.656
2016-2020,DK,1021,31263,99275,Denmark,True,0.010285,1.028,0.032658,3.266
2016-2020,BR,908,31263,99275,Brazil,False,0.009146,0.915,0.029044,2.904
2016-2020,BE,903,31263,99275,Belgium,True,0.009096,0.91,0.028884,2.888
2016-2020,FI,842,31263,99275,Finland,True,0.008481,0.848,0.026933,2.693
2016-2020,CZ,615,31263,99275,Czechia,True,0.006195,0.619,0.019672,1.967
2016-2020,GR,596,31263,99275,Greece,True,0.006004,0.6,0.019064,1.906
2016-2020,RU,588,31263,99275,RU,False,0.005923,0.592,0.018808,1.881
2016-2020,PT,557,31263,99275,Portugal,True,0.005611,0.561,0.017817,1.782
2016-2020,PL,550,31263,99275,Poland,True,0.00554,0.554,0.017593,1.759
2016-2020,NO,476,31263,99275,Norway,False,0.004795,0.479,0.015226,1.523
2016-2020,NZ,475,31263,99275,NZ,False,0.004785,0.478,0.015194,1.519
2016-2020,IE,445,31263,99275,Ireland,True,0.004482,0.448,0.014234,1.423
2016-2020,MX,330,31263,99275,MX,False,0.003324,0.332,0.010556,1.056
2016-2020,AE,277,31263,99275,AE,False,0.00279,0.279,0.00886,0.886
2016-2020,SA,249,31263,99275,SA,False,0.002508,0.251,0.007965,0.796
2016-2020,TR,239,31263,99275,TR,False,0.002407,0.241,0.007645,0.764
2016-2020,LU,217,31263,99275,LU,True,0.002186,0.219,0.006941,0.694
2016-2020,CL,196,31263,99275,CL,False,0.001974,0.197,0.006269,0.627
2016-2020,QA,193,31263,99275,QA,False,0.001944,0.194,0.006173,0.617
2016-2020,IR,183,31263,99275,IR,False,0.001843,0.184,0.005854,0.585
2016-2020,HU,165,31263,99275,HU,True,0.001662,0.166,0.005278,0.528
2016-2020,PK,156,31263,99275,PK,False,0.001571,0.157,0.00499,0.499
2016-2020,MO,131,31263,99275,MO,False,0.00132,0.132,0.00419,0.419
2016-2020,RO,126,31263,99275,RO,True,0.001269,0.127,0.00403,0.403
2016-2020,CO,111,31263,99275,CO,False,0.001118,0.112,0.003551,0.355
2016-2020,SI,93,31263,99275,SI,True,0.000937,0.094,0.002975,0.297
2016-2020,ZA,88,31263,99275,ZA,False,0.000886,0.089,0.002815,0.281
2016-2020,EG,87,31263,99275,EG,False,0.000876,0.088,0.002783,0.278
2016-2020,EE,86,31263,99275,EE,True,0.000866,0.087,0.002751,0.275
2016-2020,AR,79,31263,99275,AR,False,0.000796,0.08,0.002527,0.253
2016-2020,BD,74,31263,99275,BD,False,0.000745,0.075,0.002367,0.237
2016-2020,CY,73,31263,99275,CY,True,0.000735,0.074,0.002335,0.234
2016-2020,SK,68,31263,99275,SK,True,0.000685,0.068,0.002175,0.218
2016-2020,MY,67,31263,99275,MY,False,0.000675,0.067,0.002143,0.214
2016-2020,JM,66,31263,99275,JM,False,0.000665,0.066,0.002111,0.211
2016-2020,DZ,61,31263,99275,DZ,False,0.000614,0.061,0.001951,0.195
2016-2020,TN,59,31263,99275,TN,False,0.000594,0.059,0.001887,0.189
2016-2020,TH,58,31263,99275,TH,False,0.000584,0.058,0.001855,0.186
2016-2020,KY,55,31263,99275,KY,False,0.000554,0.055,0.001759,0.176
2016-2020,VN,50,31263,99275,VN,False,0.000504,0.05,0.001599,0.16
2016-2020,BI,43,31263,99275,BI,False,0.000433,0.043,0.001375,0.138
2016-2020,MK,42,31263,99275,MK,False,0.000423,0.042,0.001343,0.134
2016-2020,HR,30,31263,99275,HR,True,0.000302,0.03,0.00096,0.096
2016-2020,LB,30,31263,99275,LB,False,0.000302,0.03,0.00096,0.096
2016-2020,EC,29,31263,99275,EC,False,0.000292,0.029,0.000928,0.093
2016-2020,PH,29,31263,99275,PH,False,0.000292,0.029,0.000928,0.093
2016-2020,LK,27,31263,99275,LK,False,0.000272,0.027,0.000864,0.086
2016-2020,RS,27,31263,99275,RS,False,0.000272,0.027,0.000864,0.086
2016-2020,SS,26,31263,99275,SS,False,0.000262,0.026,0.000832,0.083
2016-2020,BG,25,31263,99275,BG,True,0.000252,0.025,0.0008,0.08
2016-2020,ID,24,31263,99275,ID,False,0.000242,0.024,0.000768,0.077
2016-2020,IS,23,31263,99275,IS,False,0.000232,0.023,0.000736,0.074
2016-2020,DO,21,31263,99275,DO,False,0.000212,0.021,0.000672,0.067
2016-2020,PR,20,31263,99275,PR,False,0.000201,0.02,0.00064,0.064
2016-2020,KZ,18,31263,99275,KZ,False,0.000181,0.018,0.000576,0.058
2016-2020,MA,18,31263,99275,MA,False,0.000181,0.018,0.000576,0.058
2016-2020,MM,18,31263,99275,MM,False,0.000181,0.018,0.000576,0.058
2016-2020,UA,17,31263,99275,UA,False,0.000171,0.017,0.000544,0.054
2016-2020,UY,17,31263,99275,UY,False,0.000171,0.017,0.000544,0.054
2016-2020,NG,16,31263,99275,NG,False,0.000161,0.016,0.000512,0.051
2016-2020,MT,14,31263,99275,MT,True,0.000141,0.014,0.000448,0.045
2016-2020,LV,12,31263,99275,LV,True,0.000121,0.012,0.000384,0.038
2016-2020,ET,10,31263,99275,ET,False,0.000101,0.01,0.00032,0.032
2016-2020,JO,10,31263,99275,JO,False,0.000101,0.01,0.00032,0.032
2016-2020,PE,10,31263,99275,PE,False,0.000101,0.01,0.00032,0.032
2016-2020,UG,10,31263,99275,UG,False,0.000101,0.01,0.00032,0.032
2016-2020,BA,8,31263,99275,BA,False,8.1e-05,0.008,0.000256,0.026
2016-2020,BY,8,31263,99275,BY,False,8.1e-05,0.008,0.000256,0.026
2016-2020,CR,8,31263,99275,CR,False,8.1e-05,0.008,0.000256,0.026
2016-2020,GH,7,31263,99275,GH,False,7.1e-05,0.007,0.000224,0.022
2016-2020,IQ,7,31263,99275,IQ,False,7.1e-05,0.007,0.000224,0.022
2016-2020,KE,7,31263,99275,KE,False,7.1e-05,0.007,0.000224,0.022
2016-2020,KH,7,31263,99275,KH,False,7.1e-05,0.007,0.000224,0.022
2016-2020,NP,7,31263,99275,NP,False,7.1e-05,0.007,0.000224,0.022
2016-2020,VE,7,31263,99275,VE,False,7.1e-05,0.007,0.000224,0.022
2016-2020,PS,6,31263,99275,PS,False,6e-05,0.006,0.000192,0.019
2016-2020,AM,5,31263,99275,AM,False,5e-05,0.005,0.00016,0.016
2016-2020,LI,5,31263,99275,LI,False,5e-05,0.005,0.00016,0.016
2016-2020,LT,5,31263,99275,LT,True,5e-05,0.005,0.00016,0.016
2016-2020,YE,5,31263,99275,YE,False,5e-05,0.005,0.00016,0.016
2016-2020,BO,4,31263,99275,BO,False,4e-05,0.004,0.000128,0.013
2016-2020,NC,4,31263,99275,NC,False,4e-05,0.004,0.000128,0.013
2016-2020,TZ,4,31263,99275,TZ,False,4e-05,0.004,0.000128,0.013
2016-2020,UZ,4,31263,99275,UZ,False,4e-05,0.004,0.000128,0.013
2016-2020,AZ,3,31263,99275,AZ,False,3e-05,0.003,9.6e-05,0.01
2016-2020,CI,3,31263,99275,CI,False,3e-05,0.003,9.6e-05,0.01
2016-2020,CU,3,31263,99275,CU,False,3e-05,0.003,9.6e-05,0.01
2016-2020,KW,3,31263,99275,KW,False,3e-05,0.003,9.6e-05,0.01
2016-2020,MN,3,31263,99275,MN,False,3e-05,0.003,9.6e-05,0.01
2016-2020,MZ,3,31263,99275,MZ,False,3e-05,0.003,9.6e-05,0.01
2016-2020,SN,3,31263,99275,SN,False,3e-05,0.003,9.6e-05,0.01
2016-2020,AL,2,31263,99275,AL,False,2e-05,0.002,6.4e-05,0.006
2016-2020,CD,2,31263,99275,CD,False,2e-05,0.002,6.4e-05,0.006
2016-2020,CM,2,31263,99275,CM,False,2e-05,0.002,6.4e-05,0.006
2016-2020,MD,2,31263,99275,MD,False,2e-05,0.002,6.4e-05,0.006
2016-2020,ML,2,31263,99275,ML,False,2e-05,0.002,6.4e-05,0.006
2016-2020,MU,2,31263,99275,MU,False,2e-05,0.002,6.4e-05,0.006
2016-2020,PY,2,31263,99275,PY,False,2e-05,0.002,6.4e-05,0.006
2016-2020,RW,2,31263,99275,RW,False,2e-05,0.002,6.4e-05,0.006
2016-2020,TT,2,31263,99275,TT,False,2e-05,0.002,6.4e-05,0.006
2016-2020,BF,1,31263,99275,BF,False,1e-05,0.001,3.2e-05,0.003
2016-2020,BH,1,31263,99275,BH,False,1e-05,0.001,3.2e-05,0.003
2016-2020,BJ,1,31263,99275,BJ,False,1e-05,0.001,3.2e-05,0.003
2016-2020,BN,1,31263,99275,BN,False,1e-05,0.001,3.2e-05,0.003
2016-2020,BW,1,31263,99275,BW,False,1e-05,0.001,3.2e-05,0.003
2016-2020,FJ,1,31263,99275,FJ,False,1e-05,0.001,3.2e-05,0.003
2016-2020,GF,1,31263,99275,GF,False,1e-05,0.001,3.2e-05,0.003
2016-2020,GI,1,31263,99275,GI,False,1e-05,0.001,3.2e-05,0.003
2016-2020,GM,1,31263,99275,GM,False,1e-05,0.001,3.2e-05,0.003
2016-2020,GP,1,31263,99275,GP,False,1e-05,0.001,3.2e-05,0.003
2016-2020,GT,1,31263,99275,GT,False,1e-05,0.001,3.2e-05,0.003
2016-2020,GY,1,31263,99275,GY,False,1e-05,0.001,3.2e-05,0.003
2016-2020,KP,1,31263,99275,KP,False,1e-05,0.001,3.2e-05,0.003
2016-2020,LY,1,31263,99275,LY,False,1e-05,0.001,3.2e-05,0.003
2016-2020,NI,1,31263,99275,NI,False,1e-05,0.001,3.2e-05,0.003
2016-2020,PF,1,31263,99275,PF,False,1e-05,0.001,3.2e-05,0.003
2016-2020,SL,1,31263,99275,SL,False,1e-05,0.001,3.2e-05,0.003
2016-2020,SM,1,31263,99275,SM,False,1e-05,0.001,3.2e-05,0.003
2016-2020,VA,1,31263,99275,VA,False,1e-05,0.001,3.2e-05,0.003
2016-2020,VI,1,31263,99275,VI,False,1e-05,0.001,3.2e-05,0.003
2021-2025,US,66327,47038,171539,United States,False,0.386658,38.666,1.410073,141.007
2021-2025,CN,57744,47038,171539,China,False,0.336623,33.662,1.227603,122.76
2021-2025,GB,14709,47038,171539,United Kingdom,True,0.085747,8.575,0.312705,31.27
2021-2025,DE,12955,47038,171539,Germany,True,0.075522,7.552,0.275416,27.542
2021-2025,CA,8845,47038,171539,Canada,False,0.051563,5.156,0.188039,18.804
2021-2025,HK,8246,47038,171539,Hong Kong,False,0.048071,4.807,0.175305,17.531
2021-2025,SG,7253,47038,171539,Singapore,False,0.042282,4.228,0.154194,15.419
2021-2025,AU,7128,47038,171539,Australia,False,0.041553,4.155,0.151537,15.154
2021-2025,KR,7113,47038,171539,South Korea,False,0.041466,4.147,0.151218,15.122
2021-2025,FR,6337,47038,171539,France,True,0.036942,3.694,0.134721,13.472
2021-2025,CH,5334,47038,171539,Switzerland,False,0.031095,3.109,0.113398,11.34
2021-2025,JP,5267,47038,171539,Japan,False,0.030704,3.07,0.111973,11.197
2021-2025,IT,4069,47038,171539,Italy,True,0.023721,2.372,0.086505,8.65
2021-2025,NL,3865,47038,171539,Netherlands,True,0.022531,2.253,0.082168,8.217
2021-2025,IN,3641,47038,171539,India,False,0.021225,2.123,0.077406,7.741
2021-2025,IL,3424,47038,171539,Israel,False,0.01996,1.996,0.072792,7.279
2021-2025,AT,2217,47038,171539,Austria,True,0.012924,1.292,0.047132,4.713
2021-2025,SE,2187,47038,171539,Sweden,True,0.012749,1.275,0.046494,4.649
2021-2025,ES,1990,47038,171539,Spain,True,0.011601,1.16,0.042306,4.231
2021-2025,DK,1710,47038,171539,Denmark,True,0.009969,0.997,0.036354,3.635
2021-2025,TW,1612,47038,171539,Taiwan,False,0.009397,0.94,0.03427,3.427
2021-2025,BE,1236,47038,171539,Belgium,True,0.007205,0.721,0.026277,2.628
2021-2025,AE,1231,47038,171539,AE,False,0.007176,0.718,0.02617,2.617
2021-2025,PL,1160,47038,171539,Poland,True,0.006762,0.676,0.024661,2.466
2021-2025,FI,1107,47038,171539,Finland,True,0.006453,0.645,0.023534,2.353
2021-2025,RU,965,47038,171539,RU,False,0.005626,0.563,0.020515,2.052
2021-2025,CZ,780,47038,171539,Czechia,True,0.004547,0.455,0.016582,1.658
2021-2025,NO,771,47038,171539,Norway,False,0.004495,0.449,0.016391,1.639
2021-2025,BR,691,47038,171539,Brazil,False,0.004028,0.403,0.01469,1.469
2021-2025,SA,657,47038,171539,SA,False,0.00383,0.383,0.013967,1.397
2021-2025,GR,648,47038,171539,Greece,True,0.003778,0.378,0.013776,1.378
2021-2025,MO,632,47038,171539,MO,False,0.003684,0.368,0.013436,1.344
2021-2025,PT,615,47038,171539,Portugal,True,0.003585,0.359,0.013075,1.307
2021-2025,NZ,561,47038,171539,NZ,False,0.00327,0.327,0.011927,1.193
2021-2025,IE,542,47038,171539,Ireland,True,0.00316,0.316,0.011523,1.152
2021-2025,MX,420,47038,171539,MX,False,0.002448,0.245,0.008929,0.893
2021-2025,VN,382,47038,171539,VN,False,0.002227,0.223,0.008121,0.812
2021-2025,TR,326,47038,171539,TR,False,0.0019,0.19,0.006931,0.693
2021-2025,LU,324,47038,171539,LU,True,0.001889,0.189,0.006888,0.689
2021-2025,IR,256,47038,171539,IR,False,0.001492,0.149,0.005442,0.544
2021-2025,BD,237,47038,171539,BD,False,0.001382,0.138,0.005038,0.504
2021-2025,KY,216,47038,171539,KY,False,0.001259,0.126,0.004592,0.459
2021-2025,CL,212,47038,171539,CL,False,0.001236,0.124,0.004507,0.451
2021-2025,HU,169,47038,171539,HU,True,0.000985,0.099,0.003593,0.359
2021-2025,PK,144,47038,171539,PK,False,0.000839,0.084,0.003061,0.306
2021-2025,RO,141,47038,171539,RO,True,0.000822,0.082,0.002998,0.3
2021-2025,ZA,135,47038,171539,ZA,False,0.000787,0.079,0.00287,0.287
2021-2025,EE,126,47038,171539,EE,True,0.000735,0.073,0.002679,0.268
2021-2025,QA,124,47038,171539,QA,False,0.000723,0.072,0.002636,0.264
2021-2025,SI,123,47038,171539,SI,True,0.000717,0.072,0.002615,0.261
2021-2025,MY,118,47038,171539,MY,False,0.000688,0.069,0.002509,0.251
2021-2025,TH,118,47038,171539,TH,False,0.000688,0.069,0.002509,0.251
2021-2025,SK,110,47038,171539,SK,True,0.000641,0.064,0.002339,0.234
2021-2025,AR,107,47038,171539,AR,False,0.000624,0.062,0.002275,0.227
2021-2025,EG,104,47038,171539,EG,False,0.000606,0.061,0.002211,0.221
2021-2025,CY,97,47038,171539,CY,True,0.000565,0.057,0.002062,0.206
2021-2025,BG,95,47038,171539,BG,True,0.000554,0.055,0.00202,0.202
2021-2025,CO,77,47038,171539,CO,False,0.000449,0.045,0.001637,0.164
2021-2025,JM,77,47038,171539,JM,False,0.000449,0.045,0.001637,0.164
2021-2025,DZ,75,47038,171539,DZ,False,0.000437,0.044,0.001594,0.159
2021-2025,MK,69,47038,171539,MK,False,0.000402,0.04,0.001467,0.147
2021-2025,ID,61,47038,171539,ID,False,0.000356,0.036,0.001297,0.13
2021-2025,HR,51,47038,171539,HR,True,0.000297,0.03,0.001084,0.108
2021-2025,TN,48,47038,171539,TN,False,0.00028,0.028,0.00102,0.102
2021-2025,EC,46,47038,171539,EC,False,0.000268,0.027,0.000978,0.098
2021-2025,NG,45,47038,171539,NG,False,0.000262,0.026,0.000957,0.096
2021-2025,RS,42,47038,171539,RS,False,0.000245,0.024,0.000893,0.089
2021-2025,SS,39,47038,171539,SS,False,0.000227,0.023,0.000829,0.083
2021-2025,ET,38,47038,171539,ET,False,0.000222,0.022,0.000808,0.081
2021-2025,BI,37,47038,171539,BI,False,0.000216,0.022,0.000787,0.079
2021-2025,LB,35,47038,171539,LB,False,0.000204,0.02,0.000744,0.074
2021-2025,IS,32,47038,171539,IS,False,0.000187,0.019,0.00068,0.068
2021-2025,PH,32,47038,171539,PH,False,0.000187,0.019,0.00068,0.068
2021-2025,KP,31,47038,171539,KP,False,0.000181,0.018,0.000659,0.066
2021-2025,UA,31,47038,171539,UA,False,0.000181,0.018,0.000659,0.066
2021-2025,GH,27,47038,171539,GH,False,0.000157,0.016,0.000574,0.057
2021-2025,MA,26,47038,171539,MA,False,0.000152,0.015,0.000553,0.055
2021-2025,ZW,25,47038,171539,ZW,False,0.000146,0.015,0.000531,0.053
2021-2025,LK,24,47038,171539,LK,False,0.00014,0.014,0.00051,0.051
2021-2025,CR,22,47038,171539,CR,False,0.000128,0.013,0.000468,0.047
2021-2025,KE,21,47038,171539,KE,False,0.000122,0.012,0.000446,0.045
2021-2025,NP,21,47038,171539,NP,False,0.000122,0.012,0.000446,0.045
2021-2025,BY,19,47038,171539,BY,False,0.000111,0.011,0.000404,0.04
2021-2025,KZ,19,47038,171539,KZ,False,0.000111,0.011,0.000404,0.04
2021-2025,PE,19,47038,171539,PE,False,0.000111,0.011,0.000404,0.04
2021-2025,PR,19,47038,171539,PR,False,0.000111,0.011,0.000404,0.04
2021-2025,ME,17,47038,171539,ME,False,9.9e-05,0.01,0.000361,0.036
2021-2025,BA,16,47038,171539,BA,False,9.3e-05,0.009,0.00034,0.034
2021-2025,DO,16,47038,171539,DO,False,9.3e-05,0.009,0.00034,0.034
2021-2025,RW,15,47038,171539,RW,False,8.7e-05,0.009,0.000319,0.032
2021-2025,PS,14,47038,171539,PS,False,8.2e-05,0.008,0.000298,0.03
2021-2025,CM,13,47038,171539,CM,False,7.6e-05,0.008,0.000276,0.028
2021-2025,IQ,13,47038,171539,IQ,False,7.6e-05,0.008,0.000276,0.028
2021-2025,UY,13,47038,171539,UY,False,7.6e-05,0.008,0.000276,0.028
2021-2025,JO,12,47038,171539,JO,False,7e-05,0.007,0.000255,0.026
2021-2025,MW,12,47038,171539,MW,False,7e-05,0.007,0.000255,0.026
2021-2025,YE,12,47038,171539,YE,False,7e-05,0.007,0.000255,0.026
2021-2025,AM,11,47038,171539,AM,False,6.4e-05,0.006,0.000234,0.023
2021-2025,LV,11,47038,171539,LV,True,6.4e-05,0.006,0.000234,0.023
2021-2025,MT,11,47038,171539,MT,True,6.4e-05,0.006,0.000234,0.023
2021-2025,UG,11,47038,171539,UG,False,6.4e-05,0.006,0.000234,0.023
2021-2025,LI,10,47038,171539,LI,False,5.8e-05,0.006,0.000213,0.021
2021-2025,LT,10,47038,171539,LT,True,5.8e-05,0.006,0.000213,0.021
2021-2025,KW,9,47038,171539,KW,False,5.2e-05,0.005,0.000191,0.019
2021-2025,BO,8,47038,171539,BO,False,4.7e-05,0.005,0.00017,0.017
2021-2025,LY,8,47038,171539,LY,False,4.7e-05,0.005,0.00017,0.017
2021-2025,MN,8,47038,171539,MN,False,4.7e-05,0.005,0.00017,0.017
2021-2025,TJ,8,47038,171539,TJ,False,4.7e-05,0.005,0.00017,0.017
2021-2025,TZ,8,47038,171539,TZ,False,4.7e-05,0.005,0.00017,0.017
2021-2025,UZ,8,47038,171539,UZ,False,4.7e-05,0.005,0.00017,0.017
2021-2025,OM,6,47038,171539,OM,False,3.5e-05,0.003,0.000128,0.013
2021-2025,TD,6,47038,171539,TD,False,3.5e-05,0.003,0.000128,0.013
2021-2025,CI,5,47038,171539,CI,False,2.9e-05,0.003,0.000106,0.011
2021-2025,GE,5,47038,171539,GE,False,2.9e-05,0.003,0.000106,0.011
2021-2025,KH,5,47038,171539,KH,False,2.9e-05,0.003,0.000106,0.011
2021-2025,ML,5,47038,171539,ML,False,2.9e-05,0.003,0.000106,0.011
2021-2025,PY,5,47038,171539,PY,False,2.9e-05,0.003,0.000106,0.011
2021-2025,AF,4,47038,171539,AF,False,2.3e-05,0.002,8.5e-05,0.009
2021-2025,AL,4,47038,171539,AL,False,2.3e-05,0.002,8.5e-05,0.009
2021-2025,AS,4,47038,171539,AS,False,2.3e-05,0.002,8.5e-05,0.009
2021-2025,BH,4,47038,171539,BH,False,2.3e-05,0.002,8.5e-05,0.009
2021-2025,CU,4,47038,171539,CU,False,2.3e-05,0.002,8.5e-05,0.009
2021-2025,CX,4,47038,171539,CX,False,2.3e-05,0.002,8.5e-05,0.009
2021-2025,MM,4,47038,171539,MM,False,2.3e-05,0.002,8.5e-05,0.009
2021-2025,ZM,4,47038,171539,ZM,False,2.3e-05,0.002,8.5e-05,0.009
2021-2025,BS,3,47038,171539,BS,False,1.7e-05,0.002,6.4e-05,0.006
2021-2025,BW,3,47038,171539,BW,False,1.7e-05,0.002,6.4e-05,0.006
2021-2025,KN,3,47038,171539,KN,False,1.7e-05,0.002,6.4e-05,0.006
2021-2025,NI,3,47038,171539,NI,False,1.7e-05,0.002,6.4e-05,0.006
2021-2025,SN,3,47038,171539,SN,False,1.7e-05,0.002,6.4e-05,0.006
2021-2025,SO,3,47038,171539,SO,False,1.7e-05,0.002,6.4e-05,0.006
2021-2025,TG,3,47038,171539,TG,False,1.7e-05,0.002,6.4e-05,0.006
2021-2025,UM,3,47038,171539,UM,False,1.7e-05,0.002,6.4e-05,0.006
2021-2025,VG,3,47038,171539,VG,False,1.7e-05,0.002,6.4e-05,0.006
2021-2025,GM,2,47038,171539,GM,False,1.2e-05,0.001,4.3e-05,0.004
2021-2025,MG,2,47038,171539,MG,False,1.2e-05,0.001,4.3e-05,0.004
2021-2025,MZ,2,47038,171539,MZ,False,1.2e-05,0.001,4.3e-05,0.004
2021-2025,NC,2,47038,171539,NC,False,1.2e-05,0.001,4.3e-05,0.004
2021-2025,PA,2,47038,171539,PA,False,1.2e-05,0.001,4.3e-05,0.004
2021-2025,PF,2,47038,171539,PF,False,1.2e-05,0.001,4.3e-05,0.004
2021-2025,RE,2,47038,171539,RE,False,1.2e-05,0.001,4.3e-05,0.004
2021-2025,SD,2,47038,171539,SD,False,1.2e-05,0.001,4.3e-05,0.004
2021-2025,SY,2,47038,171539,SY,False,1.2e-05,0.001,4.3e-05,0.004
2021-2025,TT,2,47038,171539,TT,False,1.2e-05,0.001,4.3e-05,0.004
2021-2025,TV,2,47038,171539,TV,False,1.2e-05,0.001,4.3e-05,0.004
2021-2025,VI,2,47038,171539,VI,False,1.2e-05,0.001,4.3e-05,0.004
2021-2025,AO,1,47038,171539,AO,False,6e-06,0.001,2.1e-05,0.002
2021-2025,BB,1,47038,171539,BB,False,6e-06,0.001,2.1e-05,0.002
2021-2025,BJ,1,47038,171539,BJ,False,6e-06,0.001,2.1e-05,0.002
2021-2025,FM,1,47038,171539,FM,False,6e-06,0.001,2.1e-05,0.002
2021-2025,GF,1,47038,171539,GF,False,6e-06,0.001,2.1e-05,0.002
2021-2025,GN,1,47038,171539,GN,False,6e-06,0.001,2.1e-05,0.002
2021-2025,GP,1,47038,171539,GP,False,6e-06,0.001,2.1e-05,0.002
2021-2025,GT,1,47038,171539,GT,False,6e-06,0.001,2.1e-05,0.002
2021-2025,IO,1,47038,171539,IO,False,6e-06,0.001,2.1e-05,0.002
2021-2025,KG,1,47038,171539,KG,False,6e-06,0.001,2.1e-05,0.002
2021-2025,LS,1,47038,171539,LS,False,6e-06,0.001,2.1e-05,0.002
2021-2025,MD,1,47038,171539,MD,False,6e-06,0.001,2.1e-05,0.002
2021-2025,PW,1,47038,171539,PW,False,6e-06,0.001,2.1e-05,0.002
2021-2025,SZ,1,47038,171539,SZ,False,6e-06,0.001,2.1e-05,0.002
2021-2025,TM,1,47038,171539,TM,False,6e-06,0.001,2.1e-05,0.002
2021-2025,VE,1,47038,171539,VE,False,6e-06,0.001,2.1e-05,0.002
2021-2025,XK,1,47038,171539,XK,False,6e-06,0.001,2.1e-05,0.002
